ccode,year,name,spend_group,hc,exp
AGO,2023,Benguela,"[0,12)",720867,848613685
AGO,2023,Benguela,"[12,40)",83507,537834800
AGO,2023,Benguela,"[40,80)",6272,120037185
AGO,2023,Benguela,"[80,120)",1168,40656620
AGO,2023,Benguela,"[120,Inf)",1040,101893035
AGO,2023,Cabinda,"[0,12)",641446,976581590
AGO,2023,Cabinda,"[12,40)",228017,1596729000
AGO,2023,Cabinda,"[40,80)",26852,513132695
AGO,2023,Cabinda,"[80,120)",4969,172195320
AGO,2023,Cabinda,"[120,Inf)",4212,403333760
AGO,2023,Cuito,"[0,12)",621786,424771670
AGO,2023,Cuito,"[12,40)",13629,85623890
AGO,2023,Cuito,"[40,80)",984,18715375
AGO,2023,Cuito,"[80,120)",216,7623025
AGO,2023,Cuito,"[120,Inf)",157,16565525
AGO,2023,Huambo,"[0,12)",626822,795549985
AGO,2023,Huambo,"[12,40)",97590,637284525
AGO,2023,Huambo,"[40,80)",7810,149021470
AGO,2023,Huambo,"[80,120)",1454,50302840
AGO,2023,Huambo,"[120,Inf)",1291,124973810
AGO,2023,Lobito,"[0,12)",292104,479407425
AGO,2023,Lobito,"[12,40)",149331,1096502340
AGO,2023,Lobito,"[40,80)",24032,461190640
AGO,2023,Lobito,"[80,120)",4610,159969645
AGO,2023,Lobito,"[120,Inf)",3793,360653580
AGO,2023,Luanda,"[0,12)",8284521,9769398740
AGO,2023,Luanda,"[12,40)",965993,6223504405
AGO,2023,Luanda,"[40,80)",72523,1387742410
AGO,2023,Luanda,"[80,120)",13582,472560755
AGO,2023,Luanda,"[120,Inf)",12038,1179144910
AGO,2023,Lubango,"[0,12)",697624,1044217550
AGO,2023,Lubango,"[12,40)",228267,1583501400
AGO,2023,Lubango,"[40,80)",25442,486245700
AGO,2023,Lubango,"[80,120)",4680,162586695
AGO,2023,Lubango,"[120,Inf)",3970,382094410
AGO,2023,Malanje,"[0,12)",734088,716609610
AGO,2023,Malanje,"[12,40)",44515,281752625
AGO,2023,Malanje,"[40,80)",3143,60146160
AGO,2023,Malanje,"[80,120)",604,21028745
AGO,2023,Malanje,"[120,Inf)",538,53132685
AGO,2023,Residual_AGO,"[0,12)",14567215,21611857320
AGO,2023,Residual_AGO,"[12,40)",4566264,31531964925
AGO,2023,Residual_AGO,"[40,80)",494471,9446913210
AGO,2023,Residual_AGO,"[80,120)",91049,3158163230
AGO,2023,Residual_AGO,"[120,Inf)",77649,7466192895
AGO,2023,Uige,"[0,12)",616253,424860
AGO,2023,Uige,"[12,40)",0,365
AGO,2023,Uige,"[40,80)",0,0
AGO,2023,Uige,"[80,120)",0,0
AGO,2023,Uige,"[120,Inf)",0,0
AGO,2030,Benguela,"[0,12)",943614,1114537720
AGO,2030,Benguela,"[12,40)",110640,712512485
AGO,2030,Benguela,"[40,80)",8373,159869270
AGO,2030,Benguela,"[80,120)",1565,54420770
AGO,2030,Benguela,"[120,Inf)",1380,135181035
AGO,2030,Cabinda,"[0,12)",861852,1307566145
AGO,2030,Cabinda,"[12,40)",301149,2104468455
AGO,2030,Cabinda,"[40,80)",35067,669885230
AGO,2030,Cabinda,"[80,120)",6478,224364040
AGO,2030,Cabinda,"[120,Inf)",5505,527065110
AGO,2030,Cuito,"[0,12)",845885,565114535
AGO,2030,Cuito,"[12,40)",17502,110144955
AGO,2030,Cuito,"[40,80)",1273,24540775
AGO,2030,Cuito,"[80,120)",256,9231580
AGO,2030,Cuito,"[120,Inf)",200,21255045
AGO,2030,Huambo,"[0,12)",788269,1016599095
AGO,2030,Huambo,"[12,40)",131140,859669170
AGO,2030,Huambo,"[40,80)",10697,204153625
AGO,2030,Huambo,"[80,120)",2010,69805155
AGO,2030,Huambo,"[120,Inf)",1731,168969815
AGO,2030,Lobito,"[0,12)",371028,612701045
AGO,2030,Lobito,"[12,40)",195175,1439079295
AGO,2030,Lobito,"[40,80)",32334,620734330
AGO,2030,Lobito,"[80,120)",6239,216331120
AGO,2030,Lobito,"[120,Inf)",5132,487032275
AGO,2030,Luanda,"[0,12)",10708411,12733371020
AGO,2030,Luanda,"[12,40)",1288219,8306272880
AGO,2030,Luanda,"[40,80)",97828,1869525620
AGO,2030,Luanda,"[80,120)",18254,635773790
AGO,2030,Luanda,"[120,Inf)",16052,1575400590
AGO,2030,Lubango,"[0,12)",932364,1391980790
AGO,2030,Lubango,"[12,40)",301297,2087420035
AGO,2030,Lubango,"[40,80)",33275,635931835
AGO,2030,Lubango,"[80,120)",6128,212699370
AGO,2030,Lubango,"[120,Inf)",5207,500926730
AGO,2030,Malanje,"[0,12)",991839,955763815
AGO,2030,Malanje,"[12,40)",57739,365388360
AGO,2030,Malanje,"[40,80)",4048,77538045
AGO,2030,Malanje,"[80,120)",801,27995500
AGO,2030,Malanje,"[120,Inf)",682,68298070
AGO,2030,Residual_AGO,"[0,12)",14613930,22869384885
AGO,2030,Residual_AGO,"[12,40)",5943327,42306214870
AGO,2030,Residual_AGO,"[40,80)",775769,14838511075
AGO,2030,Residual_AGO,"[80,120)",145021,5026804455
AGO,2030,Residual_AGO,"[120,Inf)",121312,11593925700
AGO,2030,Uige,"[0,12)",846615,561005
AGO,2030,Uige,"[12,40)",0,0
AGO,2030,Uige,"[40,80)",0,365
AGO,2030,Uige,"[80,120)",0,0
AGO,2030,Uige,"[120,Inf)",0,0
COD,2023,Bukavu,"[0,12)",1252848,135586550
COD,2023,Bukavu,"[12,40)",9,55845
COD,2023,Bukavu,"[40,80)",0,5475
COD,2023,Bukavu,"[80,120)",0,2190
COD,2023,Bukavu,"[120,Inf)",0,365
COD,2023,Bunia,"[0,12)",811972,103344275
COD,2023,Bunia,"[12,40)",6,42705
COD,2023,Bunia,"[40,80)",0,4380
COD,2023,Bunia,"[80,120)",0,0
COD,2023,Bunia,"[120,Inf)",0,1825
COD,2023,Goma,"[0,12)",745500,162094675
COD,2023,Goma,"[12,40)",89,424495
COD,2023,Goma,"[40,80)",2,30660
COD,2023,Goma,"[80,120)",0,4015
COD,2023,Goma,"[120,Inf)",0,5840
COD,2023,Kabinda,"[0,12)",570294,547500
COD,2023,Kabinda,"[12,40)",0,0
COD,2023,Kabinda,"[40,80)",0,0
COD,2023,Kabinda,"[80,120)",0,0
COD,2023,Kabinda,"[120,Inf)",0,0
COD,2023,Kananga,"[0,12)",1672811,8728610
COD,2023,Kananga,"[12,40)",0,0
COD,2023,Kananga,"[40,80)",0,0
COD,2023,Kananga,"[80,120)",0,0
COD,2023,Kananga,"[120,Inf)",0,0
COD,2023,Kikwit,"[0,12)",572100,2123570
COD,2023,Kikwit,"[12,40)",0,0
COD,2023,Kikwit,"[40,80)",0,0
COD,2023,Kikwit,"[80,120)",0,0
COD,2023,Kikwit,"[120,Inf)",0,0
COD,2023,Kinshasa,"[0,12)",16400228,5466045455
COD,2023,Kinshasa,"[12,40)",3720,21129850
COD,2023,Kinshasa,"[40,80)",108,2261175
COD,2023,Kinshasa,"[80,120)",0,0
COD,2023,Kinshasa,"[120,Inf)",4,329960
COD,2023,Kisangani,"[0,12)",1432416,255401815
COD,2023,Kisangani,"[12,40)",119,520490
COD,2023,Kisangani,"[40,80)",3,54385
COD,2023,Kisangani,"[80,120)",0,4380
COD,2023,Kisangani,"[120,Inf)",0,4745
COD,2023,Kolwezi,"[0,12)",523336,638065625
COD,2023,Kolwezi,"[12,40)",7420,40971980
COD,2023,Kolwezi,"[40,80)",100,1726450
COD,2023,Kolwezi,"[80,120)",37,1143545
COD,2023,Kolwezi,"[120,Inf)",4,322295
COD,2023,Likasi,"[0,12)",631428,443665165
COD,2023,Likasi,"[12,40)",1252,6980260
COD,2023,Likasi,"[40,80)",46,765770
COD,2023,Likasi,"[80,120)",2,100740
COD,2023,Likasi,"[120,Inf)",2,112420
COD,2023,Lubumbashi,"[0,12)",2821787,2035641865
COD,2023,Lubumbashi,"[12,40)",6103,34153415
COD,2023,Lubumbashi,"[40,80)",200,3474070
COD,2023,Lubumbashi,"[80,120)",12,462090
COD,2023,Lubumbashi,"[120,Inf)",7,516840
COD,2023,Matadi,"[0,12)",432723,418260070
COD,2023,Matadi,"[12,40)",2553,14196310
COD,2023,Matadi,"[40,80)",59,1084780
COD,2023,Matadi,"[80,120)",6,234330
COD,2023,Matadi,"[120,Inf)",1,108040
COD,2023,Mbandaka,"[0,12)",498182,13961615
COD,2023,Mbandaka,"[12,40)",0,730
COD,2023,Mbandaka,"[40,80)",0,0
COD,2023,Mbandaka,"[80,120)",0,0
COD,2023,Mbandaka,"[120,Inf)",0,365
COD,2023,Mbuji-Mayi,"[0,12)",2905108,88301165
COD,2023,Mbuji-Mayi,"[12,40)",1,5110
COD,2023,Mbuji-Mayi,"[40,80)",0,0
COD,2023,Mbuji-Mayi,"[80,120)",0,365
COD,2023,Mbuji-Mayi,"[120,Inf)",0,0
COD,2023,Residual_COD,"[0,12)",62204972,67972779445
COD,2023,Residual_COD,"[12,40)",578044,3192175390
COD,2023,Residual_COD,"[40,80)",12664,238482605
COD,2023,Residual_COD,"[80,120)",552,22674895
COD,2023,Residual_COD,"[120,Inf)",429,33724905
COD,2023,Tshikapa,"[0,12)",1079228,26194225
COD,2023,Tshikapa,"[12,40)",0,730
COD,2023,Tshikapa,"[40,80)",0,0
COD,2023,Tshikapa,"[80,120)",0,0
COD,2023,Tshikapa,"[120,Inf)",0,0
COD,2023,Uvira,"[0,12)",692407,25034620
COD,2023,Uvira,"[12,40)",0,1460
COD,2023,Uvira,"[40,80)",0,0
COD,2023,Uvira,"[80,120)",0,0
COD,2023,Uvira,"[120,Inf)",0,0
COD,2030,Bukavu,"[0,12)",1695180,212236185
COD,2030,Bukavu,"[12,40)",12,87600
COD,2030,Bukavu,"[40,80)",0,8395
COD,2030,Bukavu,"[80,120)",0,0
COD,2030,Bukavu,"[120,Inf)",0,4015
COD,2030,Bunia,"[0,12)",1122710,161716900
COD,2030,Bunia,"[12,40)",18,117895
COD,2030,Bunia,"[40,80)",0,4015
COD,2030,Bunia,"[80,120)",0,2555
COD,2030,Bunia,"[120,Inf)",0,3285
COD,2030,Goma,"[0,12)",1017887,253914805
COD,2030,Goma,"[12,40)",76,480340
COD,2030,Goma,"[40,80)",2,48180
COD,2030,Goma,"[80,120)",0,6205
COD,2030,Goma,"[120,Inf)",0,9125
COD,2030,Kabinda,"[0,12)",803286,857020
COD,2030,Kabinda,"[12,40)",0,0
COD,2030,Kabinda,"[40,80)",0,0
COD,2030,Kabinda,"[80,120)",0,0
COD,2030,Kabinda,"[120,Inf)",0,0
COD,2030,Kananga,"[0,12)",2239861,13665235
COD,2030,Kananga,"[12,40)",0,0
COD,2030,Kananga,"[40,80)",0,0
COD,2030,Kananga,"[80,120)",0,0
COD,2030,Kananga,"[120,Inf)",0,0
COD,2030,Kikwit,"[0,12)",755386,3324420
COD,2030,Kikwit,"[12,40)",0,0
COD,2030,Kikwit,"[40,80)",0,0
COD,2030,Kikwit,"[80,120)",0,0
COD,2030,Kikwit,"[120,Inf)",0,0
COD,2030,Kinshasa,"[0,12)",21907337,8547948505
COD,2030,Kinshasa,"[12,40)",6855,41288800
COD,2030,Kinshasa,"[40,80)",96,1913695
COD,2030,Kinshasa,"[80,120)",49,1625710
COD,2030,Kinshasa,"[120,Inf)",5,516110
COD,2030,Kisangani,"[0,12)",1902768,399765885
COD,2030,Kisangani,"[12,40)",163,835485
COD,2030,Kisangani,"[40,80)",5,75920
COD,2030,Kisangani,"[80,120)",0,9490
COD,2030,Kisangani,"[120,Inf)",0,14600
COD,2030,Kolwezi,"[0,12)",652596,953296050
COD,2030,Kolwezi,"[12,40)",19519,106745710
COD,2030,Kolwezi,"[40,80)",310,5580850
COD,2030,Kolwezi,"[80,120)",41,1448320
COD,2030,Kolwezi,"[120,Inf)",11,842785
COD,2030,Likasi,"[0,12)",824395,688673240
COD,2030,Likasi,"[12,40)",2969,16729410
COD,2030,Likasi,"[40,80)",59,1203405
COD,2030,Likasi,"[80,120)",4,157315
COD,2030,Likasi,"[120,Inf)",2,176295
COD,2030,Lubumbashi,"[0,12)",3757056,3161546050
COD,2030,Lubumbashi,"[12,40)",13884,78217675
COD,2030,Lubumbashi,"[40,80)",275,5580120
COD,2030,Lubumbashi,"[80,120)",17,723430
COD,2030,Lubumbashi,"[120,Inf)",9,809205
COD,2030,Matadi,"[0,12)",564289,642416790
COD,2030,Matadi,"[12,40)",6130,33921275
COD,2030,Matadi,"[40,80)",117,2295850
COD,2030,Matadi,"[80,120)",5,215350
COD,2030,Matadi,"[120,Inf)",4,320835
COD,2030,Mbandaka,"[0,12)",656457,21854740
COD,2030,Mbandaka,"[12,40)",0,1095
COD,2030,Mbandaka,"[40,80)",0,365
COD,2030,Mbandaka,"[80,120)",0,0
COD,2030,Mbandaka,"[120,Inf)",0,0
COD,2030,Mbuji-Mayi,"[0,12)",3899110,138222945
COD,2030,Mbuji-Mayi,"[12,40)",1,7665
COD,2030,Mbuji-Mayi,"[40,80)",0,365
COD,2030,Mbuji-Mayi,"[80,120)",0,0
COD,2030,Mbuji-Mayi,"[120,Inf)",0,365
COD,2030,Residual_COD,"[0,12)",67107917,99363644130
COD,2030,Residual_COD,"[12,40)",2131038,11663352715
COD,2030,Residual_COD,"[40,80)",32449,591850785
COD,2030,Residual_COD,"[80,120)",4238,150877130
COD,2030,Residual_COD,"[120,Inf)",1082,88284010
COD,2030,Tshikapa,"[0,12)",1471978,41000815
COD,2030,Tshikapa,"[12,40)",0,2555
COD,2030,Tshikapa,"[40,80)",0,0
COD,2030,Tshikapa,"[80,120)",0,0
COD,2030,Tshikapa,"[120,Inf)",0,0
COD,2030,Uvira,"[0,12)",944387,39187860
COD,2030,Uvira,"[12,40)",0,1460
COD,2030,Uvira,"[40,80)",0,730
COD,2030,Uvira,"[80,120)",0,0
COD,2030,Uvira,"[120,Inf)",0,0
ETH,2023,Addis Ababa,"[0,12)",4887107,9408201675
ETH,2023,Addis Ababa,"[12,40)",590590,3325452220
ETH,2023,Addis Ababa,"[40,80)",11685,217090320
ETH,2023,Addis Ababa,"[80,120)",1247,42713030
ETH,2023,Addis Ababa,"[120,Inf)",858,61954370
ETH,2023,Dire Dawa,"[0,12)",454404,632261030
ETH,2023,Dire Dawa,"[12,40)",12725,71639280
ETH,2023,Dire Dawa,"[40,80)",297,5394335
ETH,2023,Dire Dawa,"[80,120)",37,1136610
ETH,2023,Dire Dawa,"[120,Inf)",36,2245115
ETH,2023,Gondar,"[0,12)",412159,382292970
ETH,2023,Gondar,"[12,40)",2815,16220235
ETH,2023,Gondar,"[40,80)",66,1164350
ETH,2023,Gondar,"[80,120)",26,757010
ETH,2023,Gondar,"[120,Inf)",6,504795
ETH,2023,Mekele,"[0,12)",544013,979347925
ETH,2023,Mekele,"[12,40)",46787,262509460
ETH,2023,Mekele,"[40,80)",941,17735715
ETH,2023,Mekele,"[80,120)",109,4013175
ETH,2023,Mekele,"[120,Inf)",52,4312475
ETH,2023,Nazret,"[0,12)",394122,721062610
ETH,2023,Nazret,"[12,40)",36708,206080460
ETH,2023,Nazret,"[40,80)",719,13376885
ETH,2023,Nazret,"[80,120)",99,3537945
ETH,2023,Nazret,"[120,Inf)",41,3357270
ETH,2023,Residual_ETH,"[0,12)",108269923,172936286425
ETH,2023,Residual_ETH,"[12,40)",5355711,30024471125
ETH,2023,Residual_ETH,"[40,80)",113068,2071525015
ETH,2023,Residual_ETH,"[80,120)",17009,565441575
ETH,2023,Residual_ETH,"[120,Inf)",8779,650242755
ETH,2030,Addis Ababa,"[0,12)",6090792,12862763155
ETH,2030,Addis Ababa,"[12,40)",1232536,7043533845
ETH,2030,Addis Ababa,"[40,80)",24423,449968350
ETH,2030,Addis Ababa,"[80,120)",2877,97721450
ETH,2030,Addis Ababa,"[120,Inf)",1641,120183550
ETH,2030,Dire Dawa,"[0,12)",596633,945530310
ETH,2030,Dire Dawa,"[12,40)",28548,160191200
ETH,2030,Dire Dawa,"[40,80)",592,10935035
ETH,2030,Dire Dawa,"[80,120)",88,2920000
ETH,2030,Dire Dawa,"[120,Inf)",48,3538310
ETH,2030,Gondar,"[0,12)",549430,592040585
ETH,2030,Gondar,"[12,40)",6103,34850565
ETH,2030,Gondar,"[40,80)",162,2967815
ETH,2030,Gondar,"[80,120)",34,1190630
ETH,2030,Gondar,"[120,Inf)",9,794970
ETH,2030,Mekele,"[0,12)",678568,1361816460
ETH,2030,Mekele,"[12,40)",102656,580951885
ETH,2030,Mekele,"[40,80)",2040,38041760
ETH,2030,Mekele,"[80,120)",221,7834360
ETH,2030,Mekele,"[120,Inf)",122,9481970
ETH,2030,Nazret,"[0,12)",496188,1004402620
ETH,2030,Nazret,"[12,40)",78736,446161400
ETH,2030,Nazret,"[40,80)",1541,28404665
ETH,2030,Nazret,"[80,120)",201,6987925
ETH,2030,Nazret,"[120,Inf)",90,7085380
ETH,2030,Residual_ETH,"[0,12)",113579422,225289204405
ETH,2030,Residual_ETH,"[12,40)",16112538,91032762950
ETH,2030,Residual_ETH,"[40,80)",317488,5889735265
ETH,2030,Residual_ETH,"[80,120)",36581,1274406625
ETH,2030,Residual_ETH,"[120,Inf)",20323,1542420650
KEN,2023,Eldoret,"[0,12)",406077,462840805
KEN,2023,Eldoret,"[12,40)",38453,244030605
KEN,2023,Eldoret,"[40,80)",2582,49359315
KEN,2023,Eldoret,"[80,120)",470,16390690
KEN,2023,Eldoret,"[120,Inf)",392,37325265
KEN,2023,Kisumu,"[0,12)",348569,425444000
KEN,2023,Kisumu,"[12,40)",42769,274001850
KEN,2023,Kisumu,"[40,80)",2996,57159365
KEN,2023,Kisumu,"[80,120)",541,18846410
KEN,2023,Kisumu,"[120,Inf)",449,42484905
KEN,2023,Mombasa,"[0,12)",952378,1546844450
KEN,2023,Mombasa,"[12,40)",424251,3039130525
KEN,2023,Mombasa,"[40,80)",55865,1065883220
KEN,2023,Mombasa,"[80,120)",10032,347331445
KEN,2023,Mombasa,"[120,Inf)",7943,728783090
KEN,2023,Nairobi,"[0,12)",3837412,5916502540
KEN,2023,Nairobi,"[12,40)",1328251,9216949340
KEN,2023,Nairobi,"[40,80)",142965,2723790235
KEN,2023,Nairobi,"[80,120)",25162,872011645
KEN,2023,Nairobi,"[120,Inf)",20356,1879475155
KEN,2023,Nakuru,"[0,12)",294179,463947850
KEN,2023,Nakuru,"[12,40)",113687,799479210
KEN,2023,Nakuru,"[40,80)",13275,253041360
KEN,2023,Nakuru,"[80,120)",2349,81297545
KEN,2023,Nakuru,"[120,Inf)",1892,173971775
KEN,2023,Residual_KEN,"[0,12)",31283531,48227279910
KEN,2023,Residual_KEN,"[12,40)",10822212,75092235115
KEN,2023,Residual_KEN,"[40,80)",1164365,22183367385
KEN,2023,Residual_KEN,"[80,120)",204943,7102475870
KEN,2023,Residual_KEN,"[120,Inf)",165796,15307993785
KEN,2023,Ruiru,"[0,12)",302749,482998660
KEN,2023,Ruiru,"[12,40)",123732,876370840
KEN,2023,Ruiru,"[40,80)",15109,288115670
KEN,2023,Ruiru,"[80,120)",2693,93256040
KEN,2023,Ruiru,"[120,Inf)",2147,197457335
KEN,2030,Eldoret,"[0,12)",525558,629114730
KEN,2030,Eldoret,"[12,40)",59784,381692910
KEN,2030,Eldoret,"[40,80)",4143,78952785
KEN,2030,Eldoret,"[80,120)",729,25200695
KEN,2030,Eldoret,"[120,Inf)",644,59878980
KEN,2030,Kisumu,"[0,12)",439614,564988245
KEN,2030,Kisumu,"[12,40)",66430,430026575
KEN,2030,Kisumu,"[40,80)",4858,92498300
KEN,2030,Kisumu,"[80,120)",880,30521665
KEN,2030,Kisumu,"[120,Inf)",729,68394795
KEN,2030,Mombasa,"[0,12)",1173320,1960559175
KEN,2030,Mombasa,"[12,40)",596935,4357096980
KEN,2030,Mombasa,"[40,80)",89406,1709701245
KEN,2030,Mombasa,"[80,120)",16234,562385795
KEN,2030,Mombasa,"[120,Inf)",12793,1169285165
KEN,2030,Nairobi,"[0,12)",4815622,7638478370
KEN,2030,Nairobi,"[12,40)",1913732,13505480705
KEN,2030,Nairobi,"[40,80)",228294,4350631735
KEN,2030,Nairobi,"[80,120)",40744,1409766875
KEN,2030,Nairobi,"[120,Inf)",32499,2988916745
KEN,2030,Nakuru,"[0,12)",359650,585336995
KEN,2030,Nakuru,"[12,40)",161770,1160371135
KEN,2030,Nakuru,"[40,80)",21523,410965910
KEN,2030,Nakuru,"[80,120)",3832,132845400
KEN,2030,Nakuru,"[120,Inf)",3058,280413075
KEN,2030,Residual_KEN,"[0,12)",31239741,51624681295
KEN,2030,Residual_KEN,"[12,40)",15101191,109417124195
KEN,2030,Residual_KEN,"[40,80)",2148358,41049397595
KEN,2030,Residual_KEN,"[80,120)",389098,13491499015
KEN,2030,Residual_KEN,"[120,Inf)",304850,27978200825
KEN,2030,Ruiru,"[0,12)",385385,629529370
KEN,2030,Ruiru,"[12,40)",176380,1268166585
KEN,2030,Ruiru,"[40,80)",23841,455210115
KEN,2030,Ruiru,"[80,120)",4263,147635565
KEN,2030,Ruiru,"[120,Inf)",3392,310844950
NGA,2023,Aba,"[0,12)",1143960,1109588685
NGA,2023,Aba,"[12,40)",49919,306914265
NGA,2023,Aba,"[40,80)",2736,51986950
NGA,2023,Aba,"[80,120)",477,16638160
NGA,2023,Aba,"[120,Inf)",365,32856935
NGA,2023,Abakaliki,"[0,12)",646704,507502570
NGA,2023,Abakaliki,"[12,40)",14873,91494550
NGA,2023,Abakaliki,"[40,80)",807,15407015
NGA,2023,Abakaliki,"[80,120)",162,5763350
NGA,2023,Abakaliki,"[120,Inf)",104,9849160
NGA,2023,Abeokuta,"[0,12)",543262,577163915
NGA,2023,Abeokuta,"[12,40)",32149,198444660
NGA,2023,Abeokuta,"[40,80)",1751,33405895
NGA,2023,Abeokuta,"[80,120)",307,10866415
NGA,2023,Abeokuta,"[120,Inf)",221,20315535
NGA,2023,Abuja,"[0,12)",2335198,4139990600
NGA,2023,Abuja,"[12,40)",1283206,9303395940
NGA,2023,Abuja,"[40,80)",170777,3243790405
NGA,2023,Abuja,"[80,120)",27897,964580755
NGA,2023,Abuja,"[120,Inf)",19985,1712943905
NGA,2023,Ado-Ekiti,"[0,12)",523377,435268340
NGA,2023,Ado-Ekiti,"[12,40)",14226,87340120
NGA,2023,Ado-Ekiti,"[40,80)",801,15370150
NGA,2023,Ado-Ekiti,"[80,120)",118,4087270
NGA,2023,Ado-Ekiti,"[120,Inf)",118,10179485
NGA,2023,Akure,"[0,12)",716970,679037970
NGA,2023,Akure,"[12,40)",28988,178069630
NGA,2023,Akure,"[40,80)",1603,30479690
NGA,2023,Akure,"[80,120)",289,10278400
NGA,2023,Akure,"[120,Inf)",197,18451480
NGA,2023,Bauchi,"[0,12)",606339,748866485
NGA,2023,Bauchi,"[12,40)",62403,390048490
NGA,2023,Bauchi,"[40,80)",3561,67590335
NGA,2023,Bauchi,"[80,120)",600,20898075
NGA,2023,Bauchi,"[120,Inf)",452,40417545
NGA,2023,Benin City,"[0,12)",1701532,2175000690
NGA,2023,Benin City,"[12,40)",200995,1262988695
NGA,2023,Benin City,"[40,80)",11621,219754090
NGA,2023,Benin City,"[80,120)",1977,67914455
NGA,2023,Benin City,"[120,Inf)",1535,134133485
NGA,2023,Birnin Kebbi,"[0,12)",382673,436497295
NGA,2023,Birnin Kebbi,"[12,40)",29138,180618790
NGA,2023,Birnin Kebbi,"[40,80)",1602,30364350
NGA,2023,Birnin Kebbi,"[80,120)",273,9429775
NGA,2023,Birnin Kebbi,"[120,Inf)",218,19110670
NGA,2023,Calabar,"[0,12)",590234,739788935
NGA,2023,Calabar,"[12,40)",64434,403688905
NGA,2023,Calabar,"[40,80)",3668,69405845
NGA,2023,Calabar,"[80,120)",641,22142360
NGA,2023,Calabar,"[120,Inf)",475,42144360
NGA,2023,Effon Alaiye,"[0,12)",425449,174524750
NGA,2023,Effon Alaiye,"[12,40)",1877,11659925
NGA,2023,Effon Alaiye,"[40,80)",112,2162990
NGA,2023,Effon Alaiye,"[80,120)",5,137970
NGA,2023,Effon Alaiye,"[120,Inf)",33,2115905
NGA,2023,Enugu,"[0,12)",606028,988716015
NGA,2023,Enugu,"[12,40)",221027,1515615780
NGA,2023,Enugu,"[40,80)",20401,386076560
NGA,2023,Enugu,"[80,120)",3278,113333960
NGA,2023,Enugu,"[120,Inf)",2410,208817595
NGA,2023,Gboko,"[0,12)",476415,406145355
NGA,2023,Gboko,"[12,40)",13922,85371310
NGA,2023,Gboko,"[40,80)",771,14483565
NGA,2023,Gboko,"[80,120)",146,4990645
NGA,2023,Gboko,"[120,Inf)",108,9608625
NGA,2023,Gombe,"[0,12)",408859,666930190
NGA,2023,Gombe,"[12,40)",148992,1021561635
NGA,2023,Gombe,"[40,80)",13744,260092430
NGA,2023,Gombe,"[80,120)",2208,76355810
NGA,2023,Gombe,"[120,Inf)",1624,140682315
NGA,2023,Gwagwalada,"[0,12)",489109,409204420
NGA,2023,Gwagwalada,"[12,40)",13543,83244820
NGA,2023,Gwagwalada,"[40,80)",753,14536490
NGA,2023,Gwagwalada,"[80,120)",110,3888345
NGA,2023,Gwagwalada,"[120,Inf)",110,9556795
NGA,2023,Ibadan,"[0,12)",3791996,3198351920
NGA,2023,Ibadan,"[12,40)",107508,660553275
NGA,2023,Ibadan,"[40,80)",5808,109986545
NGA,2023,Ibadan,"[80,120)",1089,37072320
NGA,2023,Ibadan,"[120,Inf)",859,75333080
NGA,2023,Ife,"[0,12)",402753,314444580
NGA,2023,Ife,"[12,40)",9137,56175325
NGA,2023,Ife,"[40,80)",501,9587455
NGA,2023,Ife,"[80,120)",97,3417495
NGA,2023,Ife,"[120,Inf)",64,6092215
NGA,2023,Igbidu,"[0,12)",495538,206571020
NGA,2023,Igbidu,"[12,40)",2264,13953950
NGA,2023,Igbidu,"[40,80)",149,2811595
NGA,2023,Igbidu,"[80,120)",6,179215
NGA,2023,Igbidu,"[120,Inf)",38,2506820
NGA,2023,Ijebu-Ode,"[0,12)",359199,387052570
NGA,2023,Ijebu-Ode,"[12,40)",22308,137659750
NGA,2023,Ijebu-Ode,"[40,80)",1223,23114720
NGA,2023,Ijebu-Ode,"[80,120)",225,7868305
NGA,2023,Ijebu-Ode,"[120,Inf)",154,14124405
NGA,2023,Ikorodu,"[0,12)",760728,1256957800
NGA,2023,Ikorodu,"[12,40)",295787,2044263530
NGA,2023,Ikorodu,"[40,80)",28671,542974000
NGA,2023,Ikorodu,"[80,120)",4572,158118365
NGA,2023,Ikorodu,"[120,Inf)",3381,292091615
NGA,2023,Ikot Ekpene,"[0,12)",424618,315028215
NGA,2023,Ikot Ekpene,"[12,40)",8330,51199280
NGA,2023,Ikot Ekpene,"[40,80)",472,9053825
NGA,2023,Ikot Ekpene,"[80,120)",75,2644790
NGA,2023,Ikot Ekpene,"[120,Inf)",68,6001695
NGA,2023,Ilesha,"[0,12)",385597,363150545
NGA,2023,Ilesha,"[12,40)",15332,94311985
NGA,2023,Ilesha,"[40,80)",829,15830050
NGA,2023,Ilesha,"[80,120)",155,5537050
NGA,2023,Ilesha,"[120,Inf)",103,9695495
NGA,2023,Ilorin,"[0,12)",971126,1065090440
NGA,2023,Ilorin,"[12,40)",64192,396617760
NGA,2023,Ilorin,"[40,80)",3501,66106245
NGA,2023,Ilorin,"[80,120)",648,22444215
NGA,2023,Ilorin,"[120,Inf)",455,41112140
NGA,2023,Jos,"[0,12)",761622,1161523440
NGA,2023,Jos,"[12,40)",198470,1313271825
NGA,2023,Jos,"[40,80)",14852,280972985
NGA,2023,Jos,"[80,120)",2402,82827990
NGA,2023,Jos,"[120,Inf)",1823,158188810
NGA,2023,Kaduna,"[0,12)",865540,1399104130
NGA,2023,Kaduna,"[12,40)",301294,2054652160
NGA,2023,Kaduna,"[40,80)",26922,509623220
NGA,2023,Kaduna,"[80,120)",4293,148452435
NGA,2023,Kaduna,"[120,Inf)",3198,276905790
NGA,2023,Kano,"[0,12)",3858262,5022194140
NGA,2023,Kano,"[12,40)",490971,3094098065
NGA,2023,Kano,"[40,80)",28926,546405000
NGA,2023,Kano,"[80,120)",4960,171227340
NGA,2023,Kano,"[120,Inf)",3690,326254520
NGA,2023,Katsina,"[0,12)",451179,615092160
NGA,2023,Katsina,"[12,40)",69949,445306570
NGA,2023,Katsina,"[40,80)",4311,81597575
NGA,2023,Katsina,"[80,120)",702,24150590
NGA,2023,Katsina,"[120,Inf)",559,48511420
NGA,2023,Lafia,"[0,12)",368888,267726770
NGA,2023,Lafia,"[12,40)",6780,41620220
NGA,2023,Lafia,"[40,80)",400,7640910
NGA,2023,Lafia,"[80,120)",71,2599530
NGA,2023,Lafia,"[120,Inf)",45,4447890
NGA,2023,Lagos,"[0,12)",14663714,17368541425
NGA,2023,Lagos,"[12,40)",1283701,7980595425
NGA,2023,Lagos,"[40,80)",72032,1362823495
NGA,2023,Lagos,"[80,120)",12340,427253670
NGA,2023,Lagos,"[120,Inf)",9382,833216160
NGA,2023,Lokoja,"[0,12)",825756,492075845
NGA,2023,Lokoja,"[12,40)",9010,55412110
NGA,2023,Lokoja,"[40,80)",524,9799155
NGA,2023,Lokoja,"[80,120)",111,3771180
NGA,2023,Lokoja,"[120,Inf)",74,6736440
NGA,2023,Maiduguri,"[0,12)",836777,611712260
NGA,2023,Maiduguri,"[12,40)",15739,96457820
NGA,2023,Maiduguri,"[40,80)",919,17388600
NGA,2023,Maiduguri,"[80,120)",147,5061455
NGA,2023,Maiduguri,"[120,Inf)",133,11602985
NGA,2023,Makurdi,"[0,12)",399018,526256635
NGA,2023,Makurdi,"[12,40)",53646,338992655
NGA,2023,Makurdi,"[40,80)",3189,60262960
NGA,2023,Makurdi,"[80,120)",543,18716470
NGA,2023,Makurdi,"[120,Inf)",410,36041195
NGA,2023,Minna,"[0,12)",418130,588017920
NGA,2023,Minna,"[12,40)",74407,477793030
NGA,2023,Minna,"[40,80)",4755,89956440
NGA,2023,Minna,"[80,120)",788,27156730
NGA,2023,Minna,"[120,Inf)",602,52609275
NGA,2023,Nnewi,"[0,12)",1227999,617762135
NGA,2023,Nnewi,"[12,40)",8759,54220020
NGA,2023,Nnewi,"[40,80)",542,10594855
NGA,2023,Nnewi,"[80,120)",54,1847995
NGA,2023,Nnewi,"[120,Inf)",96,7719020
NGA,2023,Ogbomosho,"[0,12)",627259,257757525
NGA,2023,Ogbomosho,"[12,40)",2781,17252820
NGA,2023,Ogbomosho,"[40,80)",167,3227330
NGA,2023,Ogbomosho,"[80,120)",8,215715
NGA,2023,Ogbomosho,"[120,Inf)",48,3116005
NGA,2023,Okene,"[0,12)",437279,601983915
NGA,2023,Okene,"[12,40)",70749,451595520
NGA,2023,Okene,"[40,80)",4410,83551420
NGA,2023,Okene,"[80,120)",722,24998850
NGA,2023,Okene,"[120,Inf)",558,48920585
NGA,2023,Okpogho,"[0,12)",472733,520357505
NGA,2023,Okpogho,"[12,40)",31654,195626860
NGA,2023,Okpogho,"[40,80)",1732,32764955
NGA,2023,Okpogho,"[80,120)",316,11020445
NGA,2023,Okpogho,"[120,Inf)",222,20148730
NGA,2023,Ondo,"[0,12)",474581,250863040
NGA,2023,Ondo,"[12,40)",3841,23712590
NGA,2023,Ondo,"[40,80)",226,4310650
NGA,2023,Ondo,"[80,120)",36,1205595
NGA,2023,Ondo,"[120,Inf)",39,3223680
NGA,2023,Onitsha,"[0,12)",1533446,1607239905
NGA,2023,Onitsha,"[12,40)",86574,533909590
NGA,2023,Onitsha,"[40,80)",4687,88874945
NGA,2023,Onitsha,"[80,120)",837,28908000
NGA,2023,Onitsha,"[120,Inf)",636,56612960
NGA,2023,Oshogbo,"[0,12)",717660,828831415
NGA,2023,Oshogbo,"[12,40)",57176,354684370
NGA,2023,Oshogbo,"[40,80)",3166,59959280
NGA,2023,Oshogbo,"[80,120)",561,19516915
NGA,2023,Oshogbo,"[120,Inf)",406,36566795
NGA,2023,Owerri,"[0,12)",901432,1071463340
NGA,2023,Owerri,"[12,40)",79967,497301550
NGA,2023,Owerri,"[40,80)",4489,84838410
NGA,2023,Owerri,"[80,120)",789,27388505
NGA,2023,Owerri,"[120,Inf)",572,51380320
NGA,2023,Oyo,"[0,12)",469005,278037655
NGA,2023,Oyo,"[12,40)",5048,31048360
NGA,2023,Oyo,"[40,80)",293,5454925
NGA,2023,Oyo,"[80,120)",63,2142915
NGA,2023,Oyo,"[120,Inf)",42,3796000
NGA,2023,Port Harcourt,"[0,12)",2075790,3716762515
NGA,2023,Port Harcourt,"[12,40)",1194333,8719401050
NGA,2023,Port Harcourt,"[40,80)",167117,3176008080
NGA,2023,Port Harcourt,"[80,120)",27466,948988685
NGA,2023,Port Harcourt,"[120,Inf)",19652,1680007765
NGA,2023,Potiskum,"[0,12)",506252,244763525
NGA,2023,Potiskum,"[12,40)",3279,20245090
NGA,2023,Potiskum,"[40,80)",207,3968645
NGA,2023,Potiskum,"[80,120)",22,714670
NGA,2023,Potiskum,"[120,Inf)",39,3019280
NGA,2023,Residual_NGA,"[0,12)",107892566,178711737270
NGA,2023,Residual_NGA,"[12,40)",42468156,293952588670
NGA,2023,Residual_NGA,"[40,80)",4158741,78752886910
NGA,2023,Residual_NGA,"[80,120)",662154,22893037615
NGA,2023,Residual_NGA,"[120,Inf)",490639,42341492120
NGA,2023,Saki,"[0,12)",433451,30593205
NGA,2023,Saki,"[12,40)",38,273020
NGA,2023,Saki,"[40,80)",2,41610
NGA,2023,Saki,"[80,120)",0,0
NGA,2023,Saki,"[120,Inf)",1,64605
NGA,2023,Sokoto,"[0,12)",665332,733309090
NGA,2023,Sokoto,"[12,40)",44756,276629120
NGA,2023,Sokoto,"[40,80)",2445,46227980
NGA,2023,Sokoto,"[80,120)",453,15742815
NGA,2023,Sokoto,"[120,Inf)",312,28426565
NGA,2023,Umuahia,"[0,12)",873648,768766650
NGA,2023,Umuahia,"[12,40)",28087,172279635
NGA,2023,Umuahia,"[40,80)",1580,30005920
NGA,2023,Umuahia,"[80,120)",273,9599500
NGA,2023,Umuahia,"[120,Inf)",204,18690190
NGA,2023,Uyo,"[0,12)",1208718,1451915615
NGA,2023,Uyo,"[12,40)",111677,695863010
NGA,2023,Uyo,"[40,80)",6262,119018835
NGA,2023,Uyo,"[80,120)",1062,37079985
NGA,2023,Uyo,"[120,Inf)",804,71949530
NGA,2023,Warri,"[0,12)",631384,1093178650
NGA,2023,Warri,"[12,40)",309682,2208039760
NGA,2023,Warri,"[40,80)",36736,696383865
NGA,2023,Warri,"[80,120)",5953,205673485
NGA,2023,Warri,"[120,Inf)",4296,369163555
NGA,2023,Zaria,"[0,12)",747925,678476235
NGA,2023,Zaria,"[12,40)",26431,162315865
NGA,2023,Zaria,"[40,80)",1441,27300175
NGA,2023,Zaria,"[80,120)",275,9564460
NGA,2023,Zaria,"[120,Inf)",188,17340055
NGA,2030,Aba,"[0,12)",1463914,1385686365
NGA,2030,Aba,"[12,40)",59080,362889935
NGA,2030,Aba,"[40,80)",3269,62152930
NGA,2030,Aba,"[80,120)",591,20994070
NGA,2030,Aba,"[120,Inf)",400,37585145
NGA,2030,Abakaliki,"[0,12)",858762,636721330
NGA,2030,Abakaliki,"[12,40)",16820,103381505
NGA,2030,Abakaliki,"[40,80)",950,18248540
NGA,2030,Abakaliki,"[80,120)",153,5348345
NGA,2030,Abakaliki,"[120,Inf)",137,12128220
NGA,2030,Abeokuta,"[0,12)",682110,716761450
NGA,2030,Abeokuta,"[12,40)",38853,239618850
NGA,2030,Abeokuta,"[40,80)",2134,40720860
NGA,2030,Abeokuta,"[80,120)",356,12553445
NGA,2030,Abeokuta,"[120,Inf)",276,24996295
NGA,2030,Abuja,"[0,12)",3259560,5653687575
NGA,2030,Abuja,"[12,40)",1613026,11515695615
NGA,2030,Abuja,"[40,80)",192917,3657993500
NGA,2030,Abuja,"[80,120)",31281,1080889465
NGA,2030,Abuja,"[120,Inf)",22556,1938198180
NGA,2030,Ado-Ekiti,"[0,12)",677262,543493030
NGA,2030,Ado-Ekiti,"[12,40)",16551,101492630
NGA,2030,Ado-Ekiti,"[40,80)",956,18235765
NGA,2030,Ado-Ekiti,"[80,120)",170,6204635
NGA,2030,Ado-Ekiti,"[120,Inf)",109,10630990
NGA,2030,Akure,"[0,12)",929769,851414330
NGA,2030,Akure,"[12,40)",33828,207905460
NGA,2030,Akure,"[40,80)",1845,35140375
NGA,2030,Akure,"[80,120)",341,12052300
NGA,2030,Akure,"[120,Inf)",235,21876640
NGA,2030,Bauchi,"[0,12)",792346,952849655
NGA,2030,Bauchi,"[12,40)",73524,458184865
NGA,2030,Bauchi,"[40,80)",4123,78337760
NGA,2030,Bauchi,"[80,120)",700,24388205
NGA,2030,Bauchi,"[120,Inf)",532,47484310
NGA,2030,Benin City,"[0,12)",2193552,2750967770
NGA,2030,Benin City,"[12,40)",240037,1503965710
NGA,2030,Benin City,"[40,80)",13670,258746310
NGA,2030,Benin City,"[80,120)",2386,82432695
NGA,2030,Benin City,"[120,Inf)",1769,156987960
NGA,2030,Birnin Kebbi,"[0,12)",500407,553283425
NGA,2030,Birnin Kebbi,"[12,40)",34038,210437830
NGA,2030,Birnin Kebbi,"[40,80)",1854,34985980
NGA,2030,Birnin Kebbi,"[80,120)",353,12264730
NGA,2030,Birnin Kebbi,"[120,Inf)",235,21506895
NGA,2030,Calabar,"[0,12)",779567,947605700
NGA,2030,Calabar,"[12,40)",75407,470402875
NGA,2030,Calabar,"[40,80)",4256,80729240
NGA,2030,Calabar,"[80,120)",721,25036080
NGA,2030,Calabar,"[120,Inf)",551,48985555
NGA,2030,Effon Alaiye,"[0,12)",545785,215746390
NGA,2030,Effon Alaiye,"[12,40)",2206,13675455
NGA,2030,Effon Alaiye,"[40,80)",135,2548795
NGA,2030,Effon Alaiye,"[80,120)",5,146730
NGA,2030,Effon Alaiye,"[120,Inf)",42,2596975
NGA,2030,Enugu,"[0,12)",782845,1264532280
NGA,2030,Enugu,"[12,40)",271533,1850928870
NGA,2030,Enugu,"[40,80)",24205,458189245
NGA,2030,Enugu,"[80,120)",3874,134121805
NGA,2030,Enugu,"[120,Inf)",2859,248301105
NGA,2030,Gboko,"[0,12)",611481,506216310
NGA,2030,Gboko,"[12,40)",16414,100907170
NGA,2030,Gboko,"[40,80)",905,17401375
NGA,2030,Gboko,"[80,120)",134,4629660
NGA,2030,Gboko,"[120,Inf)",141,11932580
NGA,2030,Gombe,"[0,12)",544144,873234395
NGA,2030,Gombe,"[12,40)",182633,1240242625
NGA,2030,Gombe,"[40,80)",15883,300309590
NGA,2030,Gombe,"[80,120)",2593,89627575
NGA,2030,Gombe,"[120,Inf)",1876,163419625
NGA,2030,Gwagwalada,"[0,12)",681476,520832735
NGA,2030,Gwagwalada,"[12,40)",14546,89350905
NGA,2030,Gwagwalada,"[40,80)",818,15664340
NGA,2030,Gwagwalada,"[80,120)",141,5012910
NGA,2030,Gwagwalada,"[120,Inf)",109,10018520
NGA,2030,Ibadan,"[0,12)",4818890,3974419665
NGA,2030,Ibadan,"[12,40)",127734,783600250
NGA,2030,Ibadan,"[40,80)",7241,138012340
NGA,2030,Ibadan,"[80,120)",1080,37129260
NGA,2030,Ibadan,"[120,Inf)",1088,92711825
NGA,2030,Ife,"[0,12)",512584,390551095
NGA,2030,Ife,"[12,40)",10811,66463945
NGA,2030,Ife,"[40,80)",613,11767235
NGA,2030,Ife,"[80,120)",102,3628830
NGA,2030,Ife,"[120,Inf)",82,7502575
NGA,2030,Igbidu,"[0,12)",628899,255170405
NGA,2030,Igbidu,"[12,40)",2708,16888185
NGA,2030,Igbidu,"[40,80)",154,2994095
NGA,2030,Igbidu,"[80,120)",6,192355
NGA,2030,Igbidu,"[120,Inf)",49,3088265
NGA,2030,Ijebu-Ode,"[0,12)",461921,485793465
NGA,2030,Ijebu-Ode,"[12,40)",26388,162744740
NGA,2030,Ijebu-Ode,"[40,80)",1448,27606775
NGA,2030,Ijebu-Ode,"[80,120)",242,8524575
NGA,2030,Ijebu-Ode,"[120,Inf)",189,17029075
NGA,2030,Ikorodu,"[0,12)",1049621,1694379640
NGA,2030,Ikorodu,"[12,40)",362903,2472838135
NGA,2030,Ikorodu,"[40,80)",32279,611068035
NGA,2030,Ikorodu,"[80,120)",5183,179643145
NGA,2030,Ikorodu,"[120,Inf)",3795,330372450
NGA,2030,Ikot Ekpene,"[0,12)",553440,393052075
NGA,2030,Ikot Ekpene,"[12,40)",9610,59148250
NGA,2030,Ikot Ekpene,"[40,80)",543,10433525
NGA,2030,Ikot Ekpene,"[80,120)",102,3676280
NGA,2030,Ikot Ekpene,"[120,Inf)",67,6474370
NGA,2030,Ilesha,"[0,12)",500766,455457220
NGA,2030,Ilesha,"[12,40)",17842,109583950
NGA,2030,Ilesha,"[40,80)",968,18329570
NGA,2030,Ilesha,"[80,120)",189,6568905
NGA,2030,Ilesha,"[120,Inf)",126,11649705
NGA,2030,Ilorin,"[0,12)",1231273,1329155530
NGA,2030,Ilorin,"[12,40)",76956,474941285
NGA,2030,Ilorin,"[40,80)",4223,79920400
NGA,2030,Ilorin,"[80,120)",775,27131545
NGA,2030,Ilorin,"[120,Inf)",527,48528210
NGA,2030,Jos,"[0,12)",970703,1467488705
NGA,2030,Jos,"[12,40)",242386,1597498055
NGA,2030,Jos,"[40,80)",17828,337689240
NGA,2030,Jos,"[80,120)",2816,97339660
NGA,2030,Jos,"[120,Inf)",2197,190345310
NGA,2030,Kaduna,"[0,12)",1086595,1749269070
NGA,2030,Kaduna,"[12,40)",370541,2520874325
NGA,2030,Kaduna,"[40,80)",32657,618295765
NGA,2030,Kaduna,"[80,120)",5170,178685020
NGA,2030,Kaduna,"[120,Inf)",3906,337341760
NGA,2030,Kano,"[0,12)",4914542,6312031140
NGA,2030,Kano,"[12,40)",591994,3723406610
NGA,2030,Kano,"[40,80)",34310,649266745
NGA,2030,Kano,"[80,120)",5811,199742600
NGA,2030,Kano,"[120,Inf)",4529,395757090
NGA,2030,Katsina,"[0,12)",589085,786556750
NGA,2030,Katsina,"[12,40)",83442,528742650
NGA,2030,Katsina,"[40,80)",5019,94987965
NGA,2030,Katsina,"[80,120)",859,29831450
NGA,2030,Katsina,"[120,Inf)",624,55659215
NGA,2030,Lafia,"[0,12)",475496,333048995
NGA,2030,Lafia,"[12,40)",7924,48647565
NGA,2030,Lafia,"[40,80)",475,9079740
NGA,2030,Lafia,"[80,120)",76,2786410
NGA,2030,Lafia,"[120,Inf)",58,5467335
NGA,2030,Lagos,"[0,12)",18971404,21939379120
NGA,2030,Lagos,"[12,40)",1518900,9423380930
NGA,2030,Lagos,"[40,80)",84093,1591478110
NGA,2030,Lagos,"[80,120)",14916,517839735
NGA,2030,Lagos,"[120,Inf)",10843,974287565
NGA,2030,Lokoja,"[0,12)",1130747,616083500
NGA,2030,Lokoja,"[12,40)",9871,61117060
NGA,2030,Lokoja,"[40,80)",569,11073735
NGA,2030,Lokoja,"[80,120)",83,2884230
NGA,2030,Lokoja,"[120,Inf)",95,8046060
NGA,2030,Maiduguri,"[0,12)",1050289,756718000
NGA,2030,Maiduguri,"[12,40)",18967,116616405
NGA,2030,Maiduguri,"[40,80)",1074,20521760
NGA,2030,Maiduguri,"[80,120)",211,7612440
NGA,2030,Maiduguri,"[120,Inf)",128,12533735
NGA,2030,Makurdi,"[0,12)",520288,671126230
NGA,2030,Makurdi,"[12,40)",63798,401602930
NGA,2030,Makurdi,"[40,80)",3708,70235125
NGA,2030,Makurdi,"[80,120)",624,21474775
NGA,2030,Makurdi,"[120,Inf)",489,42704270
NGA,2030,Minna,"[0,12)",542199,749730805
NGA,2030,Minna,"[12,40)",89447,571536345
NGA,2030,Minna,"[40,80)",5627,106653000
NGA,2030,Minna,"[80,120)",904,31305685
NGA,2030,Minna,"[120,Inf)",712,62258780
NGA,2030,Nnewi,"[0,12)",1648004,768767745
NGA,2030,Nnewi,"[12,40)",9753,60090680
NGA,2030,Nnewi,"[40,80)",670,13034515
NGA,2030,Nnewi,"[80,120)",29,988785
NGA,2030,Nnewi,"[120,Inf)",128,9451310
NGA,2030,Ogbomosho,"[0,12)",821550,319237760
NGA,2030,Ogbomosho,"[12,40)",3205,19918050
NGA,2030,Ogbomosho,"[40,80)",187,3548895
NGA,2030,Ogbomosho,"[80,120)",7,190165
NGA,2030,Ogbomosho,"[120,Inf)",63,3841260
NGA,2030,Okene,"[0,12)",562528,762758385
NGA,2030,Okene,"[12,40)",85195,541607075
NGA,2030,Okene,"[40,80)",5231,99032895
NGA,2030,Okene,"[80,120)",868,30092790
NGA,2030,Okene,"[120,Inf)",654,57843740
NGA,2030,Okpogho,"[0,12)",628484,663198795
NGA,2030,Okpogho,"[12,40)",36335,224205995
NGA,2030,Okpogho,"[40,80)",1973,37594270
NGA,2030,Okpogho,"[80,120)",336,11685110
NGA,2030,Okpogho,"[120,Inf)",267,23737775
NGA,2030,Ondo,"[0,12)",605842,310515355
NGA,2030,Ondo,"[12,40)",4510,27796940
NGA,2030,Ondo,"[40,80)",297,5793645
NGA,2030,Ondo,"[80,120)",25,858845
NGA,2030,Ondo,"[120,Inf)",48,3921195
NGA,2030,Onitsha,"[0,12)",2032101,2039827685
NGA,2030,Onitsha,"[12,40)",99201,610094580
NGA,2030,Onitsha,"[40,80)",5435,102651140
NGA,2030,Onitsha,"[80,120)",999,34749095
NGA,2030,Onitsha,"[120,Inf)",705,64132325
NGA,2030,Oshogbo,"[0,12)",907746,1034357075
NGA,2030,Oshogbo,"[12,40)",68804,426034205
NGA,2030,Oshogbo,"[40,80)",3839,72567840
NGA,2030,Oshogbo,"[80,120)",644,22238720
NGA,2030,Oshogbo,"[120,Inf)",514,45130060
NGA,2030,Owerri,"[0,12)",1181379,1362539890
NGA,2030,Owerri,"[12,40)",93628,580774130
NGA,2030,Owerri,"[40,80)",5187,98280995
NGA,2030,Owerri,"[80,120)",892,30833010
NGA,2030,Owerri,"[120,Inf)",687,60883095
NGA,2030,Oyo,"[0,12)",599775,344484080
NGA,2030,Oyo,"[12,40)",5953,36639065
NGA,2030,Oyo,"[40,80)",340,6284570
NGA,2030,Oyo,"[80,120)",80,2617415
NGA,2030,Oyo,"[120,Inf)",52,4626375
NGA,2030,Port Harcourt,"[0,12)",2848299,5005967335
NGA,2030,Port Harcourt,"[12,40)",1502053,10822669020
NGA,2030,Port Harcourt,"[40,80)",191508,3633639240
NGA,2030,Port Harcourt,"[80,120)",31357,1084480700
NGA,2030,Port Harcourt,"[120,Inf)",22279,1916143055
NGA,2030,Potiskum,"[0,12)",687590,304776460
NGA,2030,Potiskum,"[12,40)",3652,22720155
NGA,2030,Potiskum,"[40,80)",215,4271595
NGA,2030,Potiskum,"[80,120)",11,337625
NGA,2030,Potiskum,"[120,Inf)",53,3722270
NGA,2030,Residual_NGA,"[0,12)",115309198,196223241530
NGA,2030,Residual_NGA,"[12,40)",51962285,366130041460
NGA,2030,Residual_NGA,"[40,80)",5692387,107835462030
NGA,2030,Residual_NGA,"[80,120)",922507,31905606300
NGA,2030,Residual_NGA,"[120,Inf)",663117,57275018535
NGA,2030,Saki,"[0,12)",571066,37681140
NGA,2030,Saki,"[12,40)",48,328500
NGA,2030,Saki,"[40,80)",3,51465
NGA,2030,Saki,"[80,120)",0,0
NGA,2030,Saki,"[120,Inf)",1,79935
NGA,2030,Sokoto,"[0,12)",856540,921538130
NGA,2030,Sokoto,"[12,40)",52910,326458920
NGA,2030,Sokoto,"[40,80)",2897,54722625
NGA,2030,Sokoto,"[80,120)",535,18669020
NGA,2030,Sokoto,"[120,Inf)",368,33607740
NGA,2030,Umuahia,"[0,12)",1169756,970776995
NGA,2030,Umuahia,"[12,40)",31612,194202995
NGA,2030,Umuahia,"[40,80)",1762,33855940
NGA,2030,Umuahia,"[80,120)",264,9158215
NGA,2030,Umuahia,"[120,Inf)",263,22634380
NGA,2030,Uyo,"[0,12)",1634675,1876767950
NGA,2030,Uyo,"[12,40)",127509,790519190
NGA,2030,Uyo,"[40,80)",7036,133167695
NGA,2030,Uyo,"[80,120)",1208,41549775
NGA,2030,Uyo,"[120,Inf)",954,83682455
NGA,2030,Warri,"[0,12)",864573,1468225640
NGA,2030,Warri,"[12,40)",385642,2713465845
NGA,2030,Warri,"[40,80)",41861,792896070
NGA,2030,Warri,"[80,120)",6789,234824940
NGA,2030,Warri,"[120,Inf)",4874,421270590
NGA,2030,Zaria,"[0,12)",925994,836990260
NGA,2030,Zaria,"[12,40)",32361,198706730
NGA,2030,Zaria,"[40,80)",1774,33630370
NGA,2030,Zaria,"[80,120)",328,11461000
NGA,2030,Zaria,"[120,Inf)",233,21347025
