Shape_Leng,Shape_Area,ADM3_EN,ADM3_PCODE,ADM3_REF,ADM3ALT1EN,ADM3ALT2EN,ADM2_EN,ADM2_PCODE,ADM1_EN,ADM1_PCODE,ADM0_EN,ADM0_PCODE,date,validOn,validTo,pop_2020,pop_2022,pop_2030,cons_class12,cons_class40,cons_class80,cons_class12_2030,cons_class40_2030,cons_class80_2030,Females_2022_12USD,Males_2022_12USD,Females_2022_40USD,Males_2022_40USD,Females_2022_80USD,Males_2022_80USD,Females_2030_12USD,Males_2030_12USD,Females_2030_40USD,Males_2030_40USD,Females_2030_80USD,Males_2030_80USD
3.13289101349,0.285815844062,Agago,UG306601,,,,Agago,UG3066,Northern,UG3,Uganda,UG,2020/06/11,2020/08/24,,273419.15625,540155.052600094,813647.653610169,110506.38880236,7841.23806324179,1836.33812457191,299062.587914032,21319.5855571197,4897.32895412654,38952.3826231134,46179.1619697189,2764.2890149357,3276.15903715701,647.541603209997,766.950104933557,104117.255920613,118244.777584865,7421.99318288612,8429.65207354346,1704.71012884556,1936.40881476388
2.65959006268,0.112382613228,Amuria,UG202701,,,,Amuria,UG2027,Eastern,UG2,Uganda,UG,2020/06/11,2020/08/24,,243585.125,481216.23156013,724866.787422067,98448.5245982889,6985.64423936375,1635.9667616234,266430.48299533,18993.3067752242,4362.95869615768,34702.1076373426,41140.3395982399,2462.66462991925,2918.68214184707,576.885337969466,683.264624692892,92756.5396145487,105342.541918573,6612.14511081816,7509.85367010323,1518.70130651686,1725.11827504903
0.747823472485,0.0166138930818,Apac Municipality,UG307101,,,,Apac,UG3071,Northern,UG3,Uganda,UG,2020/06/11,2020/08/24,,53096.0390625,104894.236987689,158004.538495817,21459.5481054775,1522.71219110767,356.603692775195,58075.8095657966,4140.11060184135,951.026157115555,7564.27332195849,8967.66203746087,536.805100015978,636.20658697666,125.747934893029,148.936209477973,20218.8243254854,22962.2877039458,1441.29784234944,1636.97797154674,331.042480098442,376.036703059909
2.28629412086,0.189448106097,Aringa,UG309901,,,,Yumbe,UG3099,Northern,UG3,Uganda,UG,2020/06/11,2020/08/24,,729469.75,1441108.8695671,2170774.56681347,294825.969469945,20920.0629836391,4899.26576842379,797885.247808061,56879.6750006639,13065.8487021589,103923.167651085,123203.883002475,7374.99612064175,8740.64182836553,1727.6112540421,2046.18765188789,277780.056411449,315471.635296721,19801.5368998918,22489.9245356907,4548.08832185269,5166.24977334082
0.142252949536,0.000828812368313,Arua Municipality,UG307201,,,,Arua,UG3072,Northern,UG3,Uganda,UG,2020/06/11,2020/08/24,,81018.3828125,160056.41093284,241096.556579258,32744.7755819654,2323.48177737334,544.135777427831,88616.9336663513,6317.32746074032,1451.15535211942,11542.2016880662,13683.6097138791,819.102175166079,970.777288129451,191.876729543845,227.259340756575,30851.5753367712,35037.7815049289,2199.25294617258,2497.83807410359,505.13233855814,573.788291894925
3.45714034119,0.268570372052,Aruu,UG309701,,,,Pader,UG3097,Northern,UG3,Uganda,UG,2020/06/11,2020/08/24,,221224.203125,437040.961995136,658324.589480682,89411.0278822995,6344.36762165995,1485.78630644676,241972.375319924,17249.7362310512,3962.44253759244,31516.4815947981,37363.6889523221,2236.5939640937,2650.74942899443,523.927720080573,620.541472395686,84241.5626194787,95672.1798636032,6005.15541779332,6820.45504114401,1379.28572739854,1566.75378143101
2.17492158425,0.147821394571,Aswa,UG307401,,,,Gulu,UG3074,Northern,UG3,Uganda,UG,2020/06/11,2020/08/24,,166038.9375,328019.339423941,494102.877639176,67107.0880159144,4761.73964751317,1115.1509472726,181611.394842589,12946.7202751801,2973.99533845265,23654.5687308082,28043.1667380384,1678.6666204294,1989.50934188823,393.231846878082,465.74491080005,63227.166616912,71806.3704986464,4507.14528974652,5119.06514884444,1035.21736523904,1175.92076055947
1.36620526912,0.0274569405106,Ayivu,UG307202,,,,Arua,UG3072,Northern,UG3,Uganda,UG,2020/06/11,2020/08/24,,276813.625,546861.018163564,823748.999732258,111878.313464149,7938.58617129698,1859.13606039976,302775.417047482,21584.2658667555,4958.12875440846,39435.9721687973,46752.4711860785,2798.60735899711,3316.83219124095,655.580760987265,776.471706125339,105409.860200451,119712.773492202,7514.1364118667,8534.30527681372,1725.87391758494,1960.44911720315
1.61362877095,0.0958719638662,Bamunanika,UG101401,,,,Luwero,UG1014,Central,UG1,Uganda,UG,2020/06/11,2020/08/24,,225628.46875,445741.838564886,671430.914731648,91191.0768599217,6470.67514061009,1515.36624147712,246789.708142314,17593.1544432068,4041.3292471515,32143.9308275138,38107.5479358843,2281.12143339404,2703.52215650658,534.35839093367,632.89558843341,85918.6947469774,97576.8796527307,6124.70969443106,6956.24079722422,1406.74538430055,1597.94566606624
1.82243537977,0.101688435825,Bbaale,UG101001,,,,Kayunga,UG1010,Central,UG1,Uganda,UG,2020/06/11,2020/08/24,,179015.859375,353655.98469092,532719.930590002,72351.9025850347,5133.89767457155,1202.30656835449,195805.39606885,13958.582794166,3206.43060782261,25503.3127364516,30234.9055516352,1809.86431366616,2145.00122643047,423.965234073473,502.145621453424,68168.742453997,77418.4616991713,4859.40526674327,5519.15027050206,1116.12570562365,1267.82590082797
3.18627088511,0.364046290315,Bokora,UG309001,,,,Napak,UG3090,Northern,UG3,Uganda,UG,2020/06/11,2020/08/24,,176796.3125,349271.14393778,526114.946756059,71454.8399457603,5070.24450674637,1187.39964448807,193377.682365326,13785.5158439617,3166.67534222578,25187.1072433519,29860.0349096298,1787.42452148464,2118.40620414799,418.708656730651,495.919716392369,67323.5451635743,76458.5807962634,4799.15542177526,5450.7205080312,1102.28730420675,1252.10662865817
0.836962583603,0.0193106781506,Bubulo,UG205201,,,,Manafwa,UG2052,Eastern,UG2,Uganda,UG,2020/06/11,2020/08/24,,188355.328125,372106.63497857,560512.55835839,76126.5867697497,5401.73917791521,1265.0323216049,206020.794771797,14686.818539622,3373.71387850798,26833.8506740128,31812.2962730192,1904.28707184099,2256.90847304482,446.084000916477,528.343151414663,71725.186235563,81457.4742550245,5112.9261770737,5807.09085664829,1174.35530151051,1333.96987501307
0.882804936941,0.0243482579618,Bubulo,UG205601,,,,Namisindwa,UG2056,Eastern,UG2,Uganda,UG,2020/06/11,2020/08/24,,258224.21875,510136.591651209,768430.173557953,104365.130471261,7405.47078223739,1734.28586380703,282442.547847099,20134.7754856186,4625.16584604185,36787.6512723477,43612.8111347735,2610.66701057446,3094.09047805377,611.555265148046,724.327784427863,98331.0658888562,111673.467696612,7009.52492687167,7961.18439863365,1609.97293406123,1828.79524694245
1.18771789505,0.0330036970751,Budadiri,UG206101,,,,Sironko,UG2061,Eastern,UG2,Uganda,UG,2020/06/11,2020/08/24,,306572.90625,605652.166338409,912307.422976194,123905.9663521,8792.0362809113,2059.00538729237,335325.761314323,23904.7160920779,5491.16013274525,43675.597971676,51778.6686471284,3099.47601567799,3673.41341818812,726.059994978399,859.94751005389,116742.111913958,132582.68224605,8321.95538693199,9451.7990996198,1911.41668960511,2171.21026255921
0.679793662821,0.018193176575,Budaka,UG202801,,,,Budaka,UG2028,Eastern,UG2,Uganda,UG,2020/06/11,2020/08/24,,143587.03125,283664.325065136,427289.926089122,58032.818621461,4117.85373880653,964.359422707688,157053.769551006,11196.0553152618,2571.8495193319,20455.9806916124,24251.1492749325,1451.67609546964,1720.48643738082,340.058749690436,402.76654421241,54677.5430243373,62096.660698869,3897.68581581729,4426.86142518777,895.234517946251,1016.91189751185
1.92359352881,0.149941549409,Budiope,UG203801,,,,Buyende,UG2038,Eastern,UG2,Uganda,UG,2020/06/11,2020/08/24,,451606.125,892173.516843335,1343900.95047421,182523.283003428,12951.3644380692,3033.07769653644,493961.353376563,35213.5364328805,8088.91294288525,64337.6082978516,76274.07193746,4565.77317967339,5411.22834239675,1069.54376647468,1266.77065977299,171970.359124907,195304.771395613,12258.8981221012,13923.2472232134,2815.6678781946,3198.3643474189
1.53547162529,0.058155944579,Bufumbira,UG412101,,,,Kisoro,UG4121,Western,UG4,Uganda,UG,2020/06/11,2020/08/24,,331287.59375,654477.433410593,985854.016308876,133894.772196803,9500.81525237785,2224.99420649432,362358.389549333,25831.819159399,5933.8356070828,47196.5508453307,55952.8588273144,3349.34343572573,3969.54938727729,784.592061955999,929.273055606352,126153.396326974,143270.970391614,8992.83830771183,10213.7655235849,2065.5074954226,2346.2445922145
2.12587424857,0.0824832119764,Bugabula,UG204401,,,,Kamuli,UG2044,Eastern,UG2,Uganda,UG,2020/06/11,2020/08/24,,338845.6875,669408.876339028,1008345.58321222,136949.487374764,9717.56967884481,2275.75588644598,370625.341680899,26421.153968861,6069.2118984427,48273.3070012973,57229.383999327,3425.75635358243,4060.11186827662,802.491978740219,950.47376763459,129031.497452124,146539.596945407,9198.00359699691,10446.7854097024,2112.63059808703,2399.77251454826
3.05334913147,0.196669218498,Bugahya,UG410601,,,,Hoima,UG4106,Western,UG4,Uganda,UG,2020/06/11,2020/08/24,,291135.53125,575154.75635625,866368.491268112,117666.723325989,8349.31626777566,1955.32486744652,318440.54602283,22701.0021987144,5214.65462157294,41476.328008504,49171.3713008501,2943.40294926517,3488.43992799862,689.499489511423,816.645144050964,110863.602355001,125906.526125884,7902.90613821404,8975.85695290411,1815.16794871138,2061.87970417111
1.78610318164,0.135476471005,Bugangaizi,UG411201,,,,Kakumiro,UG4112,Western,UG4,Uganda,UG,2020/06/11,2020/08/24,,446985.84375,883045.889153126,1330151.80045253,180655.928121673,12818.8619254535,3002.04695705942,488907.745259024,34853.2746181696,8006.15708388777,63679.3846183379,75493.7289683875,4519.06177554043,5355.86727560466,1058.60150343452,1253.81061250304,170210.968846884,193306.65196507,12133.4800774739,13780.8015952129,2786.86140993899,3165.64259718788
1.6393620278,0.0464937757167,Bughendera,UG410301,,,,Bundibugyo,UG4103,Western,UG4,Uganda,UG,2020/06/11,2020/08/24,,113158.078125,223550.202114761,336738.676310075,45734.5079580872,3245.19847667783,759.992444619447,123770.946233548,8823.38809450253,2026.82335793681,16120.9507646601,19111.8475003211,1144.03700385266,1355.88107783336,267.993524412116,317.412287720965,43090.2821192705,48937.1409206863,3071.68852377089,3488.72127683848,705.516484602147,801.408002819808
0.125072617414,0.000743923277458,Bugiri Municipality,UG203001,,,,Bugiri,UG2030,Eastern,UG2,Uganda,UG,2020/06/11,2020/08/24,,38719.4296875,76492.4296685858,115222.260014411,15649.0291680231,1110.41329370147,260.047488522808,42350.8469695936,3019.10884836014,693.520478581538,5516.12425706268,6539.52283167505,391.456456883611,463.943387230273,91.6996523546272,108.609327411731,14744.2513727442,16744.8777708356,1051.04319363455,1193.73977020549,241.407386653819,274.218697686824
0.987886113746,0.0307988836924,Bugweri,UG203101,,,,Bugweri,UG2031,Eastern,UG2,Uganda,UG,2020/06/11,2020/08/24,,218114.34375,430897.25839616,649070.191148721,88154.1323014347,6255.1816698158,1464.8998645065,238570.848501204,17007.2480531003,3906.74049912033,31073.4386348955,36838.4488713021,2205.15304303238,2613.48651722398,516.562605824994,611.818210255984,83057.3367998074,94327.268134811,5920.73794171904,6724.57649010011,1359.89641741544,1544.72913916008
2.86169648254,0.243019487152,Buhaguzi,UG411801,,,,Kikuube,UG4118,Western,UG4,Uganda,UG,2020/06/11,2020/08/24,,371434.9375,733790.788306645,1105325.49917382,150120.913915136,10652.1789105361,2494.63185346668,406271.071763783,28962.2681802664,6652.93207301722,52916.1014302275,62733.5493799181,3755.23621525541,4450.60230561834,879.673458932908,1041.88773090625,141441.393412041,160633.373953423,10082.6423862199,11451.5286127958,2315.81762173391,2630.5760611324
1.29028857742,0.0558239182382,Buhweju,UG410101,,,,Buhweju,UG4101,Western,UG4,Uganda,UG,2020/06/11,2020/08/24,,162234.40625,320503.272131335,482781.257138604,65569.4305405222,4652.63158186244,1089.59894910129,177450.044273631,12650.0657517679,2905.85073109212,23112.5600472027,27400.5999653871,1640.20251248029,1943.92274288111,384.2215335596,455.07307024056,61778.4116750599,70161.0360691174,4403.87086893103,5001.76950950343,1011.49692426359,1148.97631398306
1.0652376992,0.0594817797309,Buikwe,UG100101,,,,Buikwe,UG1001,Central,UG1,Uganda,UG,2020/06/11,2020/08/24,,185881.5,367219.447192206,553150.87793721,75126.752609039,5330.79361754661,1248.41759364698,203314.951292269,14493.9242629813,3329.40407128651,26481.4192606823,31394.4787680702,1879.27647637077,2227.2666056671,440.225206484884,521.403978731673,70783.159350809,80387.6250885076,5045.77383950086,5730.82147351688,1158.9315107288,1316.4497324848
1.50597433899,0.0664797920631,Bujenje,UG412501,,,,Masindi,UG4125,Western,UG4,Uganda,UG,2020/06/11,2020/08/24,,129673.9296875,256178.203721644,385886.965901441,52409.6332097316,3718.84752780838,870.916230282287,141835.786230966,10111.1951204062,2322.64593002145,18473.864796846,21901.2942780559,1311.01355250671,1553.77707420369,307.108197816275,363.739817447318,49379.472560292,56079.7026249102,3520.01313784567,3997.91340616707,808.489296863188,918.376546602872
2.0851154497,0.131547897796,Bujenje,UG412501,,,,Masindi,UG4125,Western,UG4,Uganda,UG,2020/06/11,2020/08/24,,77037.8515625,152192.645656811,229251.190818846,31135.9851080812,2209.32630422542,517.401727807177,84263.0764120731,6006.94951315581,1379.85833251482,10975.1193430695,13011.3173996156,778.858693477026,923.081824482239,182.449593484308,216.093814164548,29335.8000833456,33316.3328735261,2091.20098592605,2375.11626497517,480.3145751171,545.597378333275
1.58966183878,0.103226964819,Bujumba,UG100601,,,,Kalangala,UG1006,Central,UG1,Uganda,UG,2020/06/11,2020/08/24,,38614.5546875,76285.2431571564,114910.170331878,15606.6423883819,1107.40564108063,259.343126899227,42236.1359546902,3010.93132500746,691.642017024169,5501.18334661724,6521.80995567179,390.396162446244,462.686755530673,91.4512757354902,108.31514944206,14704.3152637882,16699.5227883271,1048.19635018096,1190.50642045291,240.753513394847,273.475952089794
2.20682604403,0.0787767596936,Bujumbura,UG413301,,,,Rukungiri,UG4133,Western,UG4,Uganda,UG,2020/06/11,2020/08/24,,165258.03125,326476.61483094,491779.037032262,66791.4732255527,4739.34446534926,1109.90622361,180757.248969102,12885.8298904781,2960.00818831644,23543.3177143836,27911.2754810522,1670.77159727822,1980.1523783777,391.382417993811,463.554442002637,62929.7996840446,71468.6542716186,4485.94750337535,5094.98941077312,1030.34858130922,1170.39022726859
1.66864389042,0.114529196095,Bukanga,UG410801,,,,Isingiro,UG4108,Western,UG4,Uganda,UG,2020/06/11,2020/08/24,,294181.3125,581171.86998452,875432.204291959,118897.720786576,8436.6645582077,1975.78094779287,321771.984958339,22938.4939488838,5269.20892898921,41910.2421433564,49685.7888990797,2974.19603548029,3524.9350437917,696.712846836865,825.188664853714,112023.427402499,127223.726176597,7985.58420651074,9069.75994266444,1834.15774525064,2083.45053242335
1.50321010711,0.0853348503717,Bukedea,UG203201,,,,Bukedea,UG2032,Eastern,UG2,Uganda,UG,2020/06/11,2020/08/24,,264493.59375,522522.097587737,787086.738548916,106898.99093956,7585.26675029234,1776.39224906415,289299.914894159,20623.6237380065,4737.45933759115,37680.8114194168,44671.6779952549,2674.05088126114,3169.21129199116,626.403095103723,741.913596190523,100718.426490395,114384.765846451,7179.70780340871,8154.47242824138,1649.06115015629,1873.19620691747
0.975527911527,0.0487315013573,Bukomansimbi,UG100201,,,,Bukomansimbi,UG1002,Central,UG1,Uganda,UG,2020/06/11,2020/08/24,,170625.96875,337081.279853076,507753.081468298,68961.004419261,4893.2886016102,1145.95837305251,186628.634509634,13304.3894543584,3056.15564229606,24308.0554828147,28817.8939442779,1725.04186446661,2044.47200101394,404.095363576537,478.611690680332,64973.8953872086,73790.110399574,4631.66075945288,5260.48566238233,1063.81652683566,1208.40702768106
1.84834292364,0.0773142834097,Bukonjo,UG411501,,,,Kasese,UG4115,Western,UG4,Uganda,UG,2020/06/11,2020/08/24,,410142.21875,810259.218047841,1220511.60756007,165765.033112782,11762.2438058597,2754.59775063634,448608.630918405,31980.4297663491,7346.23495567193,58430.4949724702,69271.0203997498,4146.5698504875,4914.4001280175,971.344340009023,1150.4629815344,156181.018693499,177372.997925257,11133.3558091773,12644.8938404756,2557.14926547074,2904.70872116999
1.72265417923,0.0848599719398,Bukooli,UG203002,,,,Bugiri,UG2030,Eastern,UG2,Uganda,UG,2020/06/11,2020/08/24,,468451.6875,925452.881109772,1394030.40222826,189331.665798368,13434.469088392,3146.21588726484,512386.827235868,36527.0523397476,8390.64111040386,66737.4942641502,79119.2052844711,4736.08313164539,5613.07499636677,1109.43929792841,1314.02303998013,178385.102575931,202589.922218342,12716.1727759757,14442.6045089491,2920.69636783559,3317.66796960121
3.57874476911,0.379221195923,Bukooli,UG205501,,,,Namayingo,UG2055,Eastern,UG2,Uganda,UG,2020/06/11,2020/08/24,,294024.65625,580862.386676476,874966.022653539,118834.40585024,8432.17189951036,1974.72881286468,321600.636234348,22926.2788342929,5266.4029910312,41887.9242696785,49659.3304224991,2972.61222856297,3523.05795955151,696.341836112272,824.74923870295,111963.773137244,127155.97750934,7981.33175530906,9064.93015055786,1833.18102694097,2082.34106172076
1.66001852593,0.0832243700073,Bukoto,UG101501,,,,Lwengo,UG1015,Central,UG1,Uganda,UG,2020/06/11,2020/08/24,,318314.71875,628848.782974731,947249.006151223,128651.593231963,9128.77328342865,2137.86576504005,348168.814746323,24820.2721914483,5701.47282304409,45348.3833736274,53761.8035111677,3218.18665671115,3814.10599314181,753.868259019303,892.883696576063,121213.361528658,137660.629331207,8640.68818358375,9813.80516914802,1984.62438644056,2254.36811271918
2.34888683254,0.174840569163,Bukoto,UG101701,,,,Masaka,UG1017,Central,UG1,Uganda,UG,2020/06/11,2020/08/24,,239554.859375,473254.213205156,712873.420848262,96819.6332424622,6870.06246134513,1608.89868592291,262022.226879246,18679.0508394347,4290.77086261727,34127.9399350832,40459.6473906036,2421.91832981629,2870.39075169512,567.34041544111,671.959591474307,91221.8256491435,103599.584808427,6502.7431054714,7385.59852482128,1493.57345985423,1696.57513275744
1.97881224693,0.0563782419412,Bulambuli,UG203401,,,,Bulambuli,UG2034,Eastern,UG2,Uganda,UG,2020/06/11,2020/08/24,,256579.84375,506888.035563182,763536.800764491,103700.532037196,7358.31265324202,1723.24191010237,280643.950229632,20006.5569877588,4595.71273306545,36553.3870567222,43335.0842172252,2594.04225095162,3074.38727184608,607.660873700196,719.715256190643,97704.8924522448,110962.329681237,6964.88818595163,7910.48747849628,1599.72060662168,1817.14945632394
1.21601175003,0.0706812055313,Bulamogi,UG204301,,,,Kaliro,UG2043,Eastern,UG2,Uganda,UG,2020/06/11,2020/08/24,,317528.34375,627295.254555896,944908.891499481,128333.768165547,9106.22126598206,2132.58431215095,347308.687219795,24758.9553864284,5687.38771975754,45236.3532572838,53628.9886089787,3210.23634407054,3804.68350205458,752.005878434093,890.677887747454,120913.912110967,137320.548049966,8619.34194739006,9789.56082672429,1979.72150602078,2248.79884865373
2.1628685691,0.164778845923,Buliisa,UG410201,,,,Buliisa,UG4102,Western,UG4,Uganda,UG,2020/06/11,2020/08/24,,163952.421875,323897.309451241,487893.771569995,66263.791920422,4701.90160996419,1101.13748807591,179329.189121915,12784.0263037936,2936.62285320437,23357.3153997366,27690.7644253375,1657.57178457084,1964.50832471457,388.2903289118,459.892162954994,62432.6272573075,70904.0212287954,4450.5065927469,5054.73680767774,1022.20838529514,1161.14364214609
1.45004296771,0.0401317164863,Bungokho,UG205401,,,,Mbale,UG2054,Eastern,UG2,Uganda,UG,2020/06/11,2020/08/24,,520843.28125,1028955.44642366,1549938.6345125,210506.501930256,14936.9788786379,3498.0883834342,569692.12298292,40612.2345221024,9329.04964235803,74201.4094995506,87967.889944374,5265.76623455746,6240.8407889661,1233.51888721872,1460.98325621113,198335.676081358,225247.560531807,14138.348372544,16057.8640721346,3247.34678164319,3688.7156509285
4.21527094841,0.274828164719,Bunya,UG205301,,,,Mayuge,UG2053,Eastern,UG2,Uganda,UG,2020/06/11,2020/08/24,,627573.1875,1239806.43036774,1867548.19406707,253642.96931851,17997.8273387528,4214.90793099968,686432.012055513,48934.3923365304,11240.7352291258,89406.5772814954,105994.050566511,6344.81391892025,7519.69831925612,1486.28850128477,1760.36430149218,238978.128189775,271404.728885606,17035.5434610742,19348.401530698,3912.78498550025,4444.59806273893
1.34879622599,0.0404804105629,Bunyangabu,UG410401,,,,Bunyangabu,UG4104,Western,UG4,Uganda,UG,2020/06/11,2020/08/24,,213025.921875,420844.792346455,633927.936392485,86097.5714743833,6109.25360890262,1430.72499830063,233005.193792854,16610.4834408374,3815.59957058764,30348.5217763211,35979.0392338843,2153.70870063393,2552.51610264408,504.511640179655,597.545012487028,81119.6798709453,92126.6933063334,5782.61216814168,6567.69784780616,1328.17119220035,1508.69192396592
1.90228603164,0.119361174026,Bunyaruguru,UG413101,,,,Rubirizi,UG4131,Western,UG4,Uganda,UG,2020/06/11,2020/08/24,,157909.734375,311959.637529585,469911.788985794,63821.5505520973,4528.60668842639,1060.55358172745,172719.770138655,12312.8537827527,2828.38965966972,22496.4500573072,26670.1839780051,1596.47974220616,1892.10372244252,373.979365462445,442.942217399723,60131.5886266764,68290.7579547363,4286.47717342449,4868.43766934094,984.533517418368,1118.34812810696
1.31133224729,0.0531934636397,Bunyole,UG203601,,,,Butaleja,UG2036,Eastern,UG2,Uganda,UG,2020/06/11,2020/08/24,,332373.4375,656622.579332119,989085.297655406,134333.631979935,9531.95556990355,2232.28695182644,363546.072396428,25916.4867410245,5953.28462488194,47351.2444732353,56136.2525408083,3360.32140080773,3982.56016846502,787.16367768459,932.318884543233,126566.882613593,143740.562041562,9022.31365618672,10247.2426403468,2072.27749963283,2353.93475349579
3.01475941483,0.103324093752,Burahya,UG411001,,,,Kabarole,UG4110,Western,UG4,Uganda,UG,2020/06/11,2020/08/24,,306951.34375,606399.791086148,913433.586878301,124058.917455036,8802.88928247219,2061.54704976602,335739.691704811,23934.2243780733,5497.93849074875,43729.5116860665,51842.5848951617,3103.30204834679,3677.94792649628,726.956252683329,861.009040212627,116886.219863737,132746.343997593,8332.22811465038,9463.46652080687,1913.77616671063,2173.89043215993
2.83615902438,0.285318974433,Buruli,UG102301,,,,Nakasongola,UG1023,Central,UG1,Uganda,UG,2020/06/11,2020/08/24,,235907.59375,466048.833075473,702019.795379676,95345.5369913085,6765.46453032323,1584.40291536503,258032.891561332,18394.6589460202,4225.44310799436,33608.3359391465,39843.6420149983,2385.04418961332,2826.68853857245,558.702556036754,661.728886383342,89832.9570208556,102022.262580768,6403.73767740924,7273.15146492899,1470.83353651161,1670.74447259851
1.9643475456,0.0915407411954,Buruuli,UG412502,,,,Masindi,UG4125,Western,UG4,Uganda,UG,2020/06/11,2020/08/24,,44061.609375,87046.2086710427,131119.653699307,17808.1499615171,1263.61873578103,295.92664330851,48194.0589242992,3435.65997254335,789.206573223052,6277.19246487566,7441.79092599555,445.466310576768,527.954374980221,104.351595425934,123.594324542495,16778.5385723901,19055.1944934476,1196.05725104801,1358.44189531483,274.714737712527,312.053076151034
0.550636047504,0.00732592196946,Bushenyi  Municipality,UG410501,,,,Bushenyi,UG4105,Western,UG4,Uganda,UG,2020/06/11,2020/08/24,,47553.28515625,93944.2122387191,141510.270968215,19219.362280166,1363.75459098572,319.377441137361,52013.2119405663,3707.91990332895,851.747490752264,6774.63051161862,8031.51793583482,480.767425312859,569.792281740144,112.62096968738,133.38859478878,18108.1590199633,20565.2292394215,1290.83917562388,1466.09204094926,296.484591561023,336.781818108411
0.103826830993,0.00058125753169,Busia Municipality,UG203501,,,,Busia,UG2035,Eastern,UG2,Uganda,UG,2020/06/11,2020/08/24,,72081.421875,142400.937660637,214501.721758855,29132.7708723617,2067.18357488472,484.113347717984,78841.7931724951,5620.47685985025,1291.08157323212,10269.0066175385,12174.2005989138,728.748802398546,863.692964771585,170.71122639233,202.190859005663,27448.4054131854,31172.8403178049,1956.6581548508,2222.30700915841,449.412293041931,510.494958048367
1.23464078101,0.0661825574013,Busiki,UG205701,,,,Namutumba,UG2057,Eastern,UG2,Uganda,UG,2020/06/11,2020/08/24,,337061.4375,665883.989254231,1003035.96684933,136228.356394313,9666.4001514195,2263.77250406815,368673.750469061,26282.0288576142,6037.25342374676,48019.1156357452,56928.0328764776,3407.71744678985,4038.7326538784,798.266319787226,945.468885228046,128352.060003687,145767.96760056,9149.56993375916,10391.776071957,2101.50617985274,2387.13610137543
2.9207030688,0.161375293421,Busiro,UG102601,,,,Wakiso,UG1026,Central,UG1,Uganda,UG,2020/06/11,2020/08/24,,1325276.125,2618158.15990041,3943790.27527201,535629.912506305,38006.8673248112,8900.82138830544,1449571.10203642,103337.081868219,23737.5947910567,188804.118227459,223832.673870949,13398.64508522,15879.7043089301,3138.66606293586,3717.44495548559,504661.470558919,573138.264298761,35974.7667284806,40858.9390309915,8262.81400612251,9385.86895535456
3.97107228514,0.185244694892,Busongora,UG411502,,,,Kasese,UG4115,Western,UG4,Uganda,UG,2020/06/11,2020/08/24,,340465.15625,672608.228717398,1013164.83935581,137604.019580171,9764.01353515282,2286.6325647591,372396.697141371,26547.430426759,6098.21890478583,48504.0229732919,57502.9043727231,3442.12930907339,4079.51664317781,806.32738444151,955.01643298688,129648.186657854,147239.963828166,9241.96425501097,10496.7144574462,2122.72764036943,2411.24191415341
1.35820744496,0.0400137376733,Busujju,UG101801,,,,Mityana,UG1018,Central,UG1,Uganda,UG,2020/06/11,2020/08/24,,106816.0546875,211021.175069042,317865.922257888,43171.2855511785,3063.31906391779,717.39813782347,116834.117198438,8328.87515277795,1913.22862875178,15217.4408316678,18040.7106730672,1079.91865179135,1279.88977684481,252.973640360689,299.622694601036,40675.2571943418,46194.4247149516,2899.53359737726,3293.1934588406,665.975320992539,756.492532169371
1.58154097115,0.0329515610293,Butambala,UG100301,,,,Butambala,UG1003,Central,UG1,Uganda,UG,2020/06/11,2020/08/24,,117531.0390625,232189.234498629,349751.844278717,47501.9046840688,3370.60822565987,789.362131063262,128554.038364883,9164.36535492436,2105.14935567671,16743.9402068398,19850.4192748439,1188.24798031849,1408.27870677427,278.350056028556,329.678593037258,44755.4935086445,50828.3024637686,3190.39303121029,3623.54189343279,732.780963453753,832.378181435422
0.922719222469,0.0193336473388,Butebo,UG203701,,,,Butebo,UG2037,Eastern,UG2,Uganda,UG,2020/06/11,2020/08/24,,149648.015625,295638.143501226,445326.356977591,60482.4549419548,4291.67338639006,1005.06621455394,163683.2014363,11668.6545168518,2680.41043612098,21319.4526797705,25274.8199752149,1512.95312066897,1793.11027620237,354.413045830643,419.767813129195,56985.5490541917,64717.8367685952,4062.21190583162,4613.72466551507,933.023462936593,1059.83699365678
0.455156251377,0.00699869623328,Butebo,UG205901,,,,Pallisa,UG2059,Eastern,UG2,Uganda,UG,2020/06/11,2020/08/24,,43930.859375,86787.9046293797,130730.564536102,17755.3054186033,1259.86902822275,295.048499973271,48051.0461452897,3425.46487191535,786.864653331505,6258.56529881377,7419.70788868992,444.144417869395,526.38770423197,104.041938758929,123.227566310938,16728.749335241,18998.6494258624,1192.50802786273,1354.41080611196,273.899539346752,311.127078660577
0.881449205119,0.021240213272,Butembe,UG204001,,,,Jinja,UG2040,Eastern,UG2,Uganda,UG,2020/06/11,2020/08/24,,226260.78125,446991.007775931,673312.566291947,91446.635292359,6488.80888409341,1519.61297958544,247481.323957438,17642.4583787008,4052.6548702599,32234.012586141,38214.3424332174,2287.51416213232,2711.09864214714,535.855903601017,634.669246668908,86159.4775922149,97850.3339781411,6141.87388705318,6975.73531417708,1410.68771788877,1602.42382888218
3.93993343347,0.781533338879,Buvuma Island,UG100401,,,,Buvuma,UG1004,Central,UG1,Uganda,UG,2020/06/11,2020/08/24,,141906.140625,280343.630288608,422287.889173478,57353.4618584306,4069.64839822371,953.070222710667,155215.231581657,11064.9895480224,2541.74235917738,20216.5143145282,23967.2550464159,1434.68216002736,1700.34569418238,336.077877885177,398.051588395463,54037.4645390622,61369.7308786487,3852.05785422516,4375.03870970299,884.754523372282,1005.00749597852
2.28470762882,0.108522060166,Buwekula,UG102001,,,,Mubende,UG1020,Central,UG1,Uganda,UG,2020/06/11,2020/08/24,,222203.9375,438976.482827401,661240.107860276,89807.00199491,6372.46488660101,1492.36639984417,243043.997007572,17326.1300401666,3979.99098440885,31656.0584582756,37529.1613098956,2246.49915511071,2662.48878797239,526.248035806101,623.289660898712,84614.642750568,96095.8827045197,6031.75041556897,6850.66075174239,1385.39416228491,1573.69245502615
2.09260669427,0.126287446649,Buyaga,UG411101,,,,Kagadi,UG4111,Western,UG4,Uganda,UG,2020/06/11,2020/08/24,,532108.3125,1051210.15465567,1583461.39996214,215059.430628657,15260.0425331111,3573.74660227514,582013.678812304,41490.6140798185,9530.82249714411,75806.2707445693,89870.4987806475,5379.65657993183,6375.82048256079,1260.19798496696,1492.58205498501,202625.368719198,230119.315433373,14444.1388895261,16405.1707324927,3317.58184906501,3768.4968415015
1.55562344509,0.0946475511556,Buyanja,UG411701,,,,Kibaale,UG4117,Western,UG4,Uganda,UG,2020/06/11,2020/08/24,,210434.71875,415725.723589611,626216.968472023,85050.2984744794,6034.94191526707,1413.32195620142,230170.966948613,16408.4369658319,3769.18740889374,29979.3686527304,35541.3976638972,2127.5114347505,2521.46782624857,498.374865241066,590.276598905919,80132.9569119247,91006.0833191068,5712.27367323521,6487.80973354522,1312.01559332547,1490.34050835587
1.05286902301,0.0330785055393,Buzaaya,UG204402,,,,Kamuli,UG2044,Eastern,UG2,Uganda,UG,2020/06/11,2020/08/24,,200197.9375,395502.381559057,595754.095428236,80912.9521948249,5741.36687874261,1344.56967146725,218974.098614576,15610.2341746224,3585.83198530065,28520.99600047,33812.455237639,2024.0167771494,2398.80881484806,474.130983308104,561.562076626102,76234.8190205362,86579.0126679765,5434.39511602568,6172.20454525486,1248.19144536527,1417.84158867818
0.855362205975,0.0226758247764,Bwamba,UG410302,,,,Bundibugyo,UG4103,Western,UG4,Uganda,UG,2020/06/11,2020/08/24,,175702.96875,347111.181340824,522861.346719478,71012.9489268967,5038.88910083301,1180.05652764533,192181.796108345,13700.2634573288,3147.0919886776,25031.3451355585,29675.374482715,1776.37073081713,2105.30555656935,416.119278669345,492.85284969842,66907.202897768,75985.7456433952,4769.47648497234,5417.01216244309,1095.470539096,1244.36335088603
3.02206527078,0.193348342528,Chekwi,UG308901,,,,Nakapiripirit,UG3089,Northern,UG3,Uganda,UG,2020/06/11,2020/08/24,,141813.4375,280160.490006679,422012.020865006,57315.9945217782,4066.98981613202,952.447609851205,155113.834017381,11057.7611144629,2540.08191334606,20203.3074579023,23951.5979407354,1433.74492419647,1699.23490814636,335.858328051843,397.791552952367,54002.1634463274,61329.6398310887,3849.54141766227,4372.18062506621,884.176539158116,1004.35095401976
3.9693257187,0.335453176897,Chua,UG307701,,,,Kitgum,UG3077,Northern,UG3,Uganda,UG,2020/06/11,2020/08/24,,194426.828125,384101.227628336,578580.2819102,78580.4731353417,5575.86039734229,1305.80973850667,212661.728521369,15160.2376865661,3482.46314521185,27698.8207600151,32837.7430110772,1965.67041083,2329.6583120353,460.463201327346,545.373917020005,74037.196586235,84083.1979861374,5277.73771488962,5994.27829905895,1212.20980918012,1376.96944490454
4.36456196987,0.386419980672,Dodoth,UG307501,,,,Kaabong,UG3075,Northern,UG3,Uganda,UG,2020/06/11,2020/08/24,,117091.6640625,231321.224263021,348444.341019955,47324.3247908164,3358.00763094921,786.411200065779,128073.455269072,9130.10552824421,2097.27951971229,16681.3450933526,19776.2109802652,1183.80586476742,1403.01403403995,277.309479370312,328.446131102342,44588.1807279764,50638.2872509945,3178.46614832668,3609.9957380331,730.041554031479,829.266440346554
2.33801614766,0.207524163418,Dodoth,UG307601,,,,Karenga,UG3076,Northern,UG3,Uganda,UG,2020/06/11,2020/08/24,,49682.5859375,98150.766714536,147846.69818954,20079.9506282437,1424.8196405712,333.678254061072,54342.2155510732,3873.95000453076,889.886319468878,7077.97918655604,8391.1464527544,502.29482244125,595.305958590713,117.663816211075,139.361356463611,18918.9908483326,21486.0816798407,1348.63928041355,1531.73947031024,309.760327829614,351.861949503177
1.61537601484,0.0883074186056,Dokolo,UG307301,,,,Dokolo,UG3073,Northern,UG3,Uganda,UG,2020/06/11,2020/08/24,,233700.75,461689.088066343,695452.613827005,94453.6085075538,6702.17566845466,1569.58130824474,255619.072383303,18222.5825092972,4185.91537357247,33293.9401838585,39470.9168688497,2362.73282701725,2800.24572748959,553.476063644969,655.538614023321,88992.5970451798,101067.875360932,6343.83266017183,7205.11334628245,1457.07433636997,1655.11516648508
2.71110981687,0.253353214549,East Moyo,UG306501,,,,Adjumani,UG3065,Northern,UG3,Uganda,UG,2020/06/11,2020/08/24,,267368.65625,528201.946641532,795642.422390499,108060.989896816,7667.71909130017,1795.70174789988,292444.623712141,20847.8038641962,4788.95582751997,38090.4042807998,45157.2620292395,2703.11798758612,3203.66082406109,633.212137330731,749.978245048006,101813.242311663,115628.13566193,7257.75169238868,8243.11207184606,1666.98655169741,1893.55797104678
0.643987458828,0.019820258229,Entebbe Municipality,UG102602,,,,Wakiso,UG1026,Central,UG1,Uganda,UG,2020/06/11,2020/08/24,,112530.5390625,222310.463100267,334871.229666047,45480.8787808912,3227.20162799124,755.777765878821,123084.551547007,8774.45636302878,2015.58323393535,16031.5490489621,19005.8592133007,1137.69253494016,1348.36178840618,266.507316729445,315.652019141267,42851.316985786,48665.750949739,3054.65390663671,3469.37392739894,701.603912378744,796.963646437102
2.84476336474,0.104668568259,Erute,UG308301,,,,Lira,UG3083,Northern,UG3,Uganda,UG,2020/06/11,2020/08/24,,394155,778675.56054822,1172936.4368877,159303.562617128,11303.7551253034,2647.22436941776,431122.003139659,30733.8423558848,7059.88095489833,56152.8920774485,66570.8571257964,3984.93782083705,4722.83830804419,933.48163352485,1105.6182849664,150093.130160442,170459.052497213,10699.3809911608,12151.9997304414,2457.47236605746,2791.48406004656
0.366157780477,0.00323902490129,Fort Portal Municipality,UG411002,,,,Kabarole,UG4110,Western,UG4,Uganda,UG,2020/06/11,2020/08/24,,69077.796875,136467.106095512,205563.458371998,27918.8114826143,1981.04426043168,463.940397237609,75556.4642367202,5386.27220115965,1237.28234467189,9841.09823006122,11666.9029857046,698.381919161972,827.702972984093,163.597708178693,193.765587929102,26304.6333486977,29873.8714564256,1875.12442261456,2129.70371809184,430.685331731027,489.222688738432
2.31522146657,0.135719276356,Gomba,UG100501,,,,Gomba,UG1005,Central,UG1,Uganda,UG,2020/06/11,2020/08/24,,190106.234375,375565.649593851,565722.949545104,76834.2413813457,5451.95245821703,1276.79176064174,207935.914990518,14823.3437052736,3405.07511885299,27083.2917560592,32108.0157991178,1921.98887071799,2277.88815644677,450.230691498606,533.254503459574,72391.9264765341,82214.6835264696,5160.45472053643,5861.07218957069,1185.27182857456,1346.37014112034
0.342688088146,0.00442823744767,Gulu Municipality,UG307402,,,,Gulu,UG3074,Northern,UG3,Uganda,UG,2020/06/11,2020/08/24,,198220.078125,391595.008171649,589868.331381155,80113.5711269882,5684.64493420991,1331.28596953075,216810.739794623,15456.0125657797,3550.40568921654,28239.2222717878,33478.4044356245,2004.0204644609,2375.10973701275,469.446797137036,556.014113286573,75481.6556593943,85723.6536466899,5380.70590492836,6111.22613170727,1235.8599139677,1403.83399542597
0.705353770728,0.0185350591024,Hoima Municipality,UG410602,,,,Hoima,UG4106,Western,UG4,Uganda,UG,2020/06/11,2020/08/24,,141094.96875,278741.114236632,419873.983352758,57025.6147688787,4046.38524479541,947.622229014567,154327.981531193,11001.739231447,2527.21310832058,20100.9515365521,23830.2520729788,1426.48114904466,1690.62608234019,334.156770587428,395.776223482547,53728.5725401865,61018.9257658761,3830.03850412193,4350.02986697274,879.69703972515,999.262615515198
0.946816047106,0.0173978622212,Ibanda,UG410701,,,,Ibanda,UG4107,Western,UG4,Uganda,UG,2020/06/11,2020/08/24,,53151.9296875,105004.652087716,158170.859233961,21482.1371267493,1524.31504769658,356.979065470003,58136.9420598833,4144.46861748981,952.027238312025,7572.23572313003,8977.10169143341,537.370158597989,636.87627881061,125.880301276618,149.092984596792,20240.1073203805,22986.4585580032,1442.8149995356,1638.70110802842,331.390946225877,376.432531576086
0.431411590744,0.00779738563351,Ibanda,UG410701,,,,Ibanda,UG4107,Western,UG4,Uganda,UG,2020/06/11,2020/08/24,,35413.2578125,69960.8995902299,105383.66997039,14312.7909918943,1015.59740331021,237.842572291925,38734.595897112,2761.31339934209,634.302201878381,5045.11383607,5981.12652686108,358.030801121601,424.328222677678,83.8696090402232,99.3354019807673,13485.2702978697,15315.0673530928,961.296793074146,1091.80880463663,220.794110099548,250.803731267936
1.12669628264,0.0249921382695,Ibanda,UG410701,,,,Ibanda,UG4107,Western,UG4,Uganda,UG,2020/06/11,2020/08/24,,90707.3046875,179197.425691307,269929.095812163,36660.6964065307,2601.34505527974,609.208528251453,99214.5599986664,7072.8114645072,1624.69782911149,12922.5241104475,15320.0213637215,917.057931715718,1086.87174689541,214.823110076807,254.437098711215,34541.089898552,39227.9210249959,2462.25980016204,2796.55247836909,565.540700153711,642.407162575493
0.916275686712,0.028260010692,Ibanda Municipality,UG410702,,,,Ibanda,UG4107,Western,UG4,Uganda,UG,2020/06/11,2020/08/24,,122289.546875,241589.936603819,363912.332407743,49425.1258718571,3507.07486207028,821.321227975175,133758.837035662,9535.4052477549,2190.38105051556,17421.8561933045,20654.1080361634,1236.35686578938,1465.29602987306,289.619682561147,343.026370552844,46567.5200780678,52886.2003288707,3319.56325113736,3770.24911687231,762.449244847842,866.078879658712
0.107216877837,0.000622423646311,Iganga Municipality,UG203901,,,,Iganga,UG2039,Eastern,UG2,Uganda,UG,2020/06/11,2020/08/24,,68939.25,136193.398885017,205151.167070595,27862.8157175549,1977.07095057039,463.009888519448,75404.9233295169,5375.46914699276,1234.80077157457,9821.3602901149,11643.5030942385,696.981199439664,826.042878633622,163.269586086636,193.376959195926,26251.8750831861,29813.9544972625,1871.3635523966,2125.4322472551,429.821521512418,488.241472229364
2.32020130312,0.0662094787679,Igara,UG410502,,,,Bushenyi,UG4105,Western,UG4,Uganda,UG,2020/06/11,2020/08/24,,225282.609375,445058.573751047,670401.697639447,91051.2926871926,6460.75642923312,1513.04338025275,246411.411313517,17566.186403962,4035.13441005788,32094.6583226405,38049.1339742734,2277.62476811228,2699.37800533395,533.539288361471,631.925441031938,85786.9924567894,97427.3068669997,6115.32130351253,6945.57777625082,1404.58902485667,1595.49622122264
0.646461418639,0.0152064096934,Iki-Iki,UG202802,,,,Budaka,UG2028,Eastern,UG2,Uganda,UG,2020/06/11,2020/08/24,,135144.625,266985.872631209,402166.799639798,54620.6954904944,3875.73859903072,907.658521890688,147819.567032152,10537.767122059,2420.63392369595,19253.241852754,22825.268034642,1366.32270920156,1619.32796000626,320.064505859632,379.085305311179,51462.6981532876,58445.5981215288,3668.51576608836,4166.57773355814,842.597915436056,957.121098269641
1.87419277831,0.100649731867,Isingiro,UG410802,,,,Isingiro,UG4108,Western,UG4,Uganda,UG,2020/06/11,2020/08/24,,367439.90625,725898.377458117,1093436.98394597,148506.263052172,10537.6075998387,2467.80041892549,401901.354583726,28650.7596096677,6581.37533763114,52346.9533574457,62058.808086374,3714.84613743437,4402.73310028203,870.211982363455,1030.68153131723,139920.096598855,158905.654549707,9974.19682187252,11328.3597612701,2290.9094538852,2602.28245568844
4.15152710161,0.272801495668,Jie,UG308001,,,,Kotido,UG3080,Northern,UG3,Uganda,UG,2020/06/11,2020/08/24,,168541.859375,332964.003563744,501551.135978842,68118.6808452324,4833.51957158559,1131.96107471548,184349.060716299,13141.8831079117,3018.82625643393,24011.1449557074,28465.8980354662,1703.9713559834,2019.49981597404,399.159544358667,472.765692449002,64180.2723209264,72888.8017535767,4575.08738037517,5196.23150713069,1050.82254934735,1193.64695080849
0.334964588307,0.00516252115628,Jinja Municipality,UG204002,,,,Jinja,UG2040,Eastern,UG2,Uganda,UG,2020/06/11,2020/08/24,,87356.671875,172578.060508918,259958.19778369,35306.4886860829,2505.25409404036,586.705003409143,95549.6780869554,6811.54921830499,1564.68319329608,12445.1796071138,14754.1158234088,883.182772404612,1046.72384314418,206.887769433774,245.03845882663,33265.1782220633,37778.882716501,2371.30650254455,2693.2507594151,544.65021913603,618.677314959294
1.72871337895,0.0844499836571,Jonam,UG309801,,,,Pakwach,UG3098,Northern,UG3,Uganda,UG,2020/06/11,2020/08/24,,194907.21875,385050.266557701,580009.840505173,78774.6300989991,5589.63725667299,1309.03613870289,213187.174014993,15197.6956656301,3491.06762980383,27767.2591228943,32918.8786446768,1970.52719755182,2335.41444159493,461.600915742627,546.721429188889,74220.1280030786,84290.9511055094,5290.77797144213,6009.08898710174,1215.20494227713,1380.37166680274
0.273708271389,0.00256318384341,Kabale Municipality,UG410901,,,,Kabale,UG4109,Western,UG4,Uganda,UG,2020/06/11,2020/08/24,,57288.609375,113176.897459391,170480.895471487,23154.0372970494,1642.94861626558,384.761839447818,62661.5925989406,4467.02208349282,1026.12110022497,8161.56359681211,9675.7667152229,579.192313180342,686.442741994468,135.677245402804,160.696512908114,21815.3434654706,24775.4362444862,1555.10562635743,1766.23705314499,357.182261873941,405.729319411264
1.33744783448,0.0721296519549,Kaberamaido,UG204101,,,,Kaberamaido,UG2041,Eastern,UG2,Uganda,UG,2020/06/11,2020/08/24,,143190.484375,282880.924219848,426109.871849999,57872.5483472486,4106.48138840959,961.696134024007,156620.03134373,11165.1349688423,2564.74679646771,20399.4870434904,24184.1744417848,1447.66697560583,1715.73493918294,339.119603352969,401.654216636085,54526.5390748146,61925.167239232,3886.92150711518,4414.63568273085,892.762132749668,1014.1034737176
1.33034431452,0.0703529320145,Kabula,UG101601,,,,Lyantonde,UG1016,Central,UG1,Uganda,UG,2020/06/11,2020/08/24,,122228.8828125,241470.091307242,363731.806753328,49400.6075953438,3505.33511068464,820.913795912667,133692.483412991,9530.67502808613,2189.29447021215,17413.2137492038,20643.8621718782,1235.74354738159,1464.56914182573,289.476011192881,342.856205778224,46544.4193714197,52859.9651203502,3317.91651846326,3768.37881287731,762.071017355596,865.649244709297
0.880202303731,0.0324534092061,Kagoma,UG204003,,,,Jinja,UG2040,Eastern,UG2,Uganda,UG,2020/06/11,2020/08/24,,246384.359375,486746.277851714,733196.820007792,99579.8764992868,7065.92194715213,1654.76698349858,269492.251921279,19211.5742791209,4413.0969956905,35100.8977218497,41613.1166317413,2490.96510798073,2952.22308726053,583.514795611748,691.116573060683,93822.4802962513,106553.118568064,6688.1306369733,7596.15549393001,1536.15393586998,1744.94300932399
0.746209077153,0.0255163472858,Kajara,UG412901,,,,Ntungamo,UG4129,Western,UG4,Uganda,UG,2020/06/11,2020/08/24,,135462.515625,267613.883592924,403112.786617021,54749.175679976,3884.85520996203,909.793539356683,148167.271978251,10562.554325964,2426.32780039212,19298.5298180419,22878.9582107872,1369.53660823735,1623.13698442944,320.817369732746,379.97699941025,51583.7500210932,58583.0753442844,3677.14494220028,4176.37846370062,844.579895688409,959.372462866121
1.28926592118,0.0599138782558,Kalaki,UG204201,,,,Kalaki,UG2042,Eastern,UG2,Uganda,UG,2020/06/11,2020/08/24,,152486.6875,301246.100811112,453773.748675161,61629.7460908392,4373.08210061692,1024.1313066225,166788.106625899,11889.9971204122,2731.25511780082,21723.8611876929,25754.2578101215,1541.65231493425,1827.12376905472,361.135903739121,427.730385036237,58066.5074264492,65945.4688376112,4139.2679672783,4701.24236758612,950.721976691632,1079.94103214611
1.26333509549,0.0680138881455,Kalungu,UG100701,,,,Kalungu,UG1007,Central,UG1,Uganda,UG,2020/06/11,2020/08/24,,213177.453125,421144.150926289,634378.866926037,86158.8150663023,6113.59929053505,1431.74271269656,233170.936853422,16622.2989386733,3818.31371245048,30370.1095220749,36004.6321229606,2155.24069340115,2554.33177818382,504.870513310226,597.970062837128,81177.3825504233,92192.2255799281,5786.72550065254,6572.3696335482,1329.11595722799,1509.76509839977
0.497484126812,0.00772526497711,Kamuli Municipality,UG204403,,,,Kamuli,UG2044,Eastern,UG2,Uganda,UG,2020/06/11,2020/08/24,,76921.1796875,151962.153749653,228903.995696756,31088.8304472379,2205.98033549482,516.618135995007,84135.4621170368,5997.85214026033,1377.76857201886,10958.4978027989,12991.6120889606,777.679131712452,921.683840438598,182.173278196004,215.766545556155,29291.3717571277,33265.8761312152,2088.03391499817,2371.51921154809,479.587150858347,544.771084922515
0.901750292176,0.012095264739,Kapchorwa Municipality,UG204501,,,,Kapchorwa,UG2045,Eastern,UG2,Uganda,UG,2020/06/11,2020/08/24,,55785.65234375,110207.720590422,166008.357852962,22546.595022973,1599.8461356549,374.667677305227,61017.6762565237,4349.83051046671,999.200985749819,7947.44634859041,9421.92460287229,563.997300261766,668.434032115025,132.117775690003,156.480666920447,21243.021598903,24125.4568417363,1514.30769181217,1719.90012112938,347.811645310232,395.085078958474
2.33756393818,0.0976901922927,Kapelebyong,UG204601,,,,Kapelebyong,UG2046,Eastern,UG2,Uganda,UG,2020/06/11,2020/08/24,,116232.8828125,229624.653190138,345888.758014688,46977.2356694459,3333.37911436005,780.643452217854,127134.13065627,9063.14291821594,2081.89751671525,16558.9996940823,19631.1670155913,1175.12351928671,1392.72395783711,275.27561826468,326.037220260702,44261.1592112238,50266.8926519728,3155.15443648282,3583.51907398341,724.687236084572,823.1843808257
1.75809475197,0.0888668110181,Kasambya,UG102002,,,,Mubende,UG1020,Central,UG1,Uganda,UG,2020/06/11,2020/08/24,,223448.6875,441435.5570596,664944.266452241,90310.086085097,6408.16238934034,1500.72639155767,244405.489601623,17423.1881778853,4002.28624089071,31833.3905038247,37739.3935139963,2259.08367478568,2677.40361331759,529.195990959099,626.781227313478,85088.6400961991,96634.1960726005,6065.53929174394,6889.03702925877,1393.15491307496,1582.50802195729
1.14187936645,0.012641146955,Kasese Municipality,UG411503,,,,Kasese,UG4115,Western,UG4,Uganda,UG,2020/06/11,2020/08/24,,126871.4765625,250641.798606855,377547.354877904,51276.9804033991,3638.47751125362,852.094390633796,138770.496674941,9892.67663769382,2272.449978063,18074.6161563867,21427.973613378,1282.68053263145,1520.19756113079,300.471117172869,355.878840375453,48312.306187522,54867.7339720824,3443.94023836642,3911.51234663573,791.016599290256,898.52901650059
2.04914206938,0.0971186986205,Kashari,UG412601,,,,Mbarara,UG4126,Western,UG4,Uganda,UG,2020/06/11,2020/08/24,,289222.6875,571375.825023976,860676.202365401,116893.619282897,8294.45887070352,1942.47782354276,316348.300512325,22551.8501182792,5180.3928485133,41203.816664858,48848.3013208036,2924.06394962105,3465.51987943954,684.969280562082,811.27955176802,110135.196763431,125079.284220542,7850.98178343531,8916.88300424337,1803.24177587021,2048.33256449894
1.40115384172,0.0926443167994,Kasilo,UG206001,,,,Serere,UG2060,Eastern,UG2,Uganda,UG,2020/06/11,2020/08/24,,173541.109375,342840.305516201,516428.030809837,70139.2015424547,4976.89032118962,1165.53704464815,189817.180299194,13531.6946323061,3108.36998888379,24723.3580336037,29310.2469781059,1754.51416376415,2079.40175661031,410.999323268992,486.788760052148,66083.9728472538,75050.8126837861,4710.79257356075,5350.36093502684,1081.99180693894,1229.05263305834
1.90779357826,0.155880690612,Kassanda,UG100901,,,,Kassanda,UG1009,Central,UG1,Uganda,UG,2020/06/11,2020/08/24,,379488.53125,749701.119591822,1129291.58753313,153375.892733738,10883.1435098148,2548.72141122034,415079.995841806,29590.2391072136,6797.18347953017,54063.4484908492,64093.7620852762,3836.65867679474,4547.10195951066,898.746873831858,1064.47833741813,144508.179562104,164116.287933514,10301.25807771,11699.8250166955,2366.03006122619,2687.61321296154
2.28276540053,0.138517249236,Katakwi,UG204701,,,,Katakwi,UG2047,Eastern,UG2,Uganda,UG,2020/06/11,2020/08/24,,133646.421875,264026.087373697,397708.408815955,54015.1745778164,3832.77245309077,897.596287939989,146180.850455272,10420.9462301235,2393.79895849506,19039.8018649618,22572.2288338713,1351.1757586463,1601.37621231314,316.516294875433,374.882794193487,50892.1865610272,57797.6746266198,3627.8468768531,4120.38736689744,833.25693846398,946.510525925894
2.13393275381,0.0843086983225,Katikamu,UG101402,,,,Luwero,UG1014,Central,UG1,Uganda,UG,2020/06/11,2020/08/24,,349291.625,690045.418405637,1039430.86872478,141171.367240872,10017.1429927803,2345.91290668272,382050.982608128,27235.6655097127,6256.31361023706,49761.4768864573,58993.6518961125,3531.36559719941,4185.27702865371,827.231207726781,979.774980364649,133009.281463072,151057.120784239,9481.55972370431,10768.8389918825,2177.75879066054,2473.75272036448
1.95775919037,0.126431571871,Kazo,UG411601,,,,Kazo,UG4116,Western,UG4,Uganda,UG,2020/06/11,2020/08/24,,232389.53125,459098.701048146,691550.655844472,93923.6600906991,6664.57194487966,1560.77489901833,254184.877069139,18120.341537201,4162.42956651476,33107.1387352947,39249.4584170556,2349.47630309071,2784.53446125492,550.37068981828,651.860600486538,88493.2885840095,100500.816448216,6308.23948243971,7164.68780329416,1448.89916709904,1645.8288546538
0.201395656234,0.00149111684006,KCCA,UG100102,,,,Buikwe,UG1001,Central,UG1,Uganda,UG,2020/06/11,2020/08/24,,48218.20703125,95257.80311981,143488.96233296,19488.1002729596,1382.82352085457,323.843190376262,52740.4954982565,3759.76652226117,863.657194502839,6869.3579317625,8143.81999756292,487.489837378136,577.759498959529,114.195711497179,135.253723438864,18361.3594247048,20852.7860452394,1308.88855333058,1486.59192156923,300.630237647967,341.490927000189
0.636963568649,0.0158654281955,KCCA,UG100801,,,,Kampala,UG1008,Central,UG1,Uganda,UG,2020/06/11,2020/08/24,,1850242.75,3655259.50579475,5505999.26060128,747802.924690827,53062.0973179788,12426.6029788751,2023773.28887019,144270.829999921,33140.4994295739,263592.955709889,312496.976464311,18706.0986469905,22169.9517674037,4381.9503106329,5189.99433224625,704567.304497377,800169.03516342,50225.0437223506,57043.9278944862,11535.8689566875,13103.786946358
0.446203043091,0.0067478138293,KCCA,UG101802,,,,Mityana,UG1018,Central,UG1,Uganda,UG,2020/06/11,2020/08/24,,29035.9140625,57362.095263658,86405.8088372498,11735.2933592141,832.705058674514,195.011047163095,31759.1339285712,2264.04639153605,520.07483527523,4136.57203060124,4904.02427109028,293.555357943526,347.913707154429,68.7660755031641,81.4467341736452,11056.7954959602,12557.0762757906,788.183092898204,895.192043385522,181.032731874042,205.63811514341
0.333791510603,0.00298273363962,KCCA,UG102101,,,,Mukono,UG1021,Central,UG1,Uganda,UG,2020/06/11,2020/08/24,,90437.9140625,178665.229230706,269127.43636393,36551.8182081109,2593.61934925532,607.39924655417,98919.9037698299,7051.80599964971,1619.87265692577,12884.1456484406,15274.5226010319,914.334371466219,1083.6438584668,214.185109288586,253.681448774518,34438.5066961516,39111.4184544611,2454.9471619047,2788.24702796916,563.86110705807,640.499284619832
2.46182060018,0.137525350961,Kibale,UG411301,,,,Kamwenge,UG4113,Western,UG4,Uganda,UG,2020/06/11,2020/08/24,,375049,740930.573779476,1116080.31794166,151581.590633105,10755.8246273418,2518.9046251494,410224.089902515,29244.0710931797,6717.66511208449,53430.9751766563,63343.9469096492,3791.77466927253,4493.90667273957,888.232683010139,1052.02530009353,142817.618382473,162196.336923361,10180.7465117882,11562.9520034056,2338.35053067318,2656.17157015997
2.64797433149,0.295407659525,Kibanda,UG412001,,,,Kiryandongo,UG4120,Western,UG4,Uganda,UG,2020/06/11,2020/08/24,,348207.25,687903.174083049,1036203.95812171,140733.101074737,9986.04479673048,2338.63002577144,380864.906262135,27151.1124524011,6236.89089985544,49606.992502531,58810.5062473303,3520.40248129457,4172.28384630087,824.663070455014,976.73327132186,132596.354472376,150588.164320281,9452.12424461032,10735.4071574324,2170.99794379334,2466.07296106265
1.97151955011,0.127881675691,Kiboga,UG101101,,,,Kiboga,UG1011,Central,UG1,Uganda,UG,2020/06/11,2020/08/24,,187645.40625,370704.144044899,558399.954853344,75839.661362569,5381.37971772038,1260.26434330224,205244.290754792,14631.4630906457,3360.99816026318,26732.712374536,31692.3939307652,1897.10970626266,2248.40205747996,444.402685110386,526.351796222169,71454.8499557032,81150.456431682,5093.65526939884,5785.20360307131,1169.92909002043,1328.9420671762
2.27778185085,0.200216361474,Kiboga,UG101201,,,,Kyankwanzi,UG1012,Central,UG1,Uganda,UG,2020/06/11,2020/08/24,,309720.53125,611870.47807179,921674.205212012,125178.125467886,8882.3052924075,2080.14547077676,338768.595719905,24150.1490069094,5547.538607687,44124.0211730189,52310.2871580203,3131.29875015633,3711.12884468115,733.514549980171,868.776706066163,117940.718778824,133943.926363508,8407.39801506636,9548.84198414881,1931.04146020604,2193.50236849343
1.02634258321,0.039743060248,Kibuku,UG204801,,,,Kibuku,UG2048,Eastern,UG2,Uganda,UG,2020/06/11,2020/08/24,,274554.71875,542398.420732491,817026.889272823,110965.343152361,7873.80423753738,1843.96479104321,300304.652532495,21408.1299086065,4917.66850599534,39114.159382281,46370.9529375993,2775.76964046163,3289.76555762783,650.230968402547,770.135396668337,104549.674969256,118735.870956258,7452.8181523189,8464.6620447322,1711.79011885883,1944.45109411575
1.25484644366,0.0512595960823,Kigulu,UG203902,,,,Iganga,UG2039,Eastern,UG2,Uganda,UG,2020/06/11,2020/08/24,,366563.46875,724166.925461826,1090828.85902455,148152.037896684,10512.4727293369,2461.9140881463,400942.717776818,28582.4202711847,6565.67708589158,52222.0925784372,61910.7820671882,3705.98528588778,4392.23146361725,868.136305766222,1028.22309408915,139586.351631101,158526.624204226,9950.4058291731,11301.3387460255,2285.44505298498,2596.07535109539
4.619184698,0.292045431983,Kilak,UG307001,,,,Amuru,UG3070,Northern,UG3,Uganda,UG,2020/06/11,2020/08/24,,241775.453125,477641.122119241,719481.519999357,97717.1189917242,6933.74565192442,1623.81264081268,264451.085642066,18852.1994186712,4330.54487924573,34444.2945701674,40834.6948446907,2444.36870598579,2896.99831782799,572.59947210954,678.188433055619,92067.4215866611,104559.918450284,6563.02136797686,7454.06056298246,1507.4183883135,1712.30181910409
2.774999659,0.107679265206,Kinkizi,UG411401,,,,Kanungu,UG4114,Western,UG4,Uganda,UG,2020/06/11,2020/08/24,,302091.9375,596799.758394313,898972.842622196,122094.916674052,8663.52903509649,2028.91029862523,330424.531535413,23555.3170303784,5410.89956028615,43037.2213060974,51021.8548798506,3054.17307179585,3619.72161960724,715.447667268427,847.378239121483,115035.771449322,130644.81088226,8200.31899549782,9313.64854706531,1883.4788050767,2139.4751511457
1.8897940495,0.145958766001,Kioga,UG306801,,,,Amolatar,UG3068,Northern,UG3,Uganda,UG,2020/06/11,2020/08/24,,197667.4375,390503.235268975,588223.769405366,79890.2132591203,5668.79605674472,1327.57432378217,216206.268119099,15412.920965145,3540.50710357551,28160.4908859796,33385.0661294029,1998.43322459868,2368.487894554,468.13797224993,554.463937391264,75271.2116430553,85484.6547825147,5365.70441414918,6094.18793930572,1232.41431752899,1399.92008466593
0.584377582976,0.00784111013927,Kira Municipality,UG102603,,,,Wakiso,UG1026,Central,UG1,Uganda,UG,2020/06/11,2020/08/24,,504465.90625,996601.013120941,1501202.42698481,203887.344025836,14467.301120915,3388.09463425661,551778.746985737,39335.2250678186,9035.70738397306,71868.2233903121,85201.8311826671,5100.18969476085,6044.60404444883,1194.73216938474,1415.04415798898,192099.217131043,218164.885378907,13693.7827200466,15552.9412458725,3145.23734121731,3572.72782568741
0.147248068599,0.000835628816742,Kisoro Municipality,UG412102,,,,Kisoro,UG4121,Western,UG4,Uganda,UG,2020/06/11,2020/08/24,,19595.396484375,38711.817284153,58312.47740555,7919.7687987114,561.965631395279,131.606629630071,21433.2092315449,1527.9314646569,350.981635254458,2791.63827428784,3309.56689547173,198.110988227685,234.795674741461,46.4079936060724,54.9657587859887,7461.87260107003,8474.36343071579,531.919200972159,604.13607031756,122.173118093875,138.778493071064
1.41340301384,0.0581347297444,Kitagwenda,UG412201,,,,Kitagwenda,UG4122,Western,UG4,Uganda,UG,2020/06/11,2020/08/24,,197909.796875,390982.02996188,588944.988574878,79988.1663787589,5675.74654837192,1329.20205815991,216471.357891472,15431.8186952885,3544.84810733242,28195.0183683871,33425.9994458043,2000.88349680041,2371.39188953202,468.711954630656,555.143763745194,75363.5014204715,85589.4672279393,5372.28328614092,6101.660002478,1233.92537654567,1401.63652193583
0.224436647073,0.00241145295155,Kitgum Municipality,UG307702,,,,Kitgum,UG3077,Northern,UG3,Uganda,UG,2020/06/11,2020/08/24,,53255.0859375,105208.443111026,158477.83421669,21523.8292482021,1527.27340922857,357.671883622399,58249.7731266879,4152.51212302831,953.874914593574,7586.93177360095,8994.52427894437,538.413076338677,638.11231612896,126.124607361175,149.382341413802,20279.3889341064,23031.070237759,1445.61518733068,1641.88146784167,332.034103445146,377.163104643963
1.55632926999,0.0602750224193,Koboko,UG307801,,,,Koboko,UG3078,Northern,UG3,Uganda,UG,2020/06/11,2020/08/24,,221306.5625,437203.667612201,658569.676595794,89444.3146396727,6346.72956101699,1486.33944859782,242062.459014733,17256.1581210381,3963.91771203655,31528.2148395773,37377.5990490762,2237.42662380457,2651.73627429964,524.122772696704,620.772493265492,84272.924840919,95707.7975800517,6007.39107212047,6822.99422269137,1379.7992205374,1567.33706689614
0.2448769437,0.00184397346412,Koboko Municipality,UG307802,,,,Koboko,UG3078,Northern,UG3,Uganda,UG,2020/06/11,2020/08/24,,64172.84375,126777.092968514,190967.174571111,25936.4022596373,1840.37779920173,430.997744110408,70191.4854427023,5003.81338138886,1149.42760440002,9142.31906076724,10838.4803253474,648.792460149032,768.930914991904,151.981253597404,180.007026292428,24436.8408106822,27752.6408181469,1741.97892851158,1978.48151095802,400.103995044966,454.48483570165
1.82095907435,0.0871174603715,Kole,UG307901,,,,Kole,UG3079,Northern,UG3,Uganda,UG,2020/06/11,2020/08/24,,317867.78125,627965.832591399,945918.998213327,128470.956842681,9115.9558079271,2134.86404276935,347679.959878877,24785.4226863857,5693.46753186605,45284.7108762523,53686.3179472229,3213.6680836947,3808.75070512999,752.809772008904,891.630021569436,121043.168968977,137467.343586321,8628.55601580271,9800.02585801528,1981.83782644359,2251.20281250204
1.09782357265,0.045513301296,Kongasis,UG203301,,,,Bukwo,UG2033,Eastern,UG2,Uganda,UG,2020/06/11,2020/08/24,,132594.78125,261948.511665747,394578.909995507,53590.1384926332,3802.61302823298,890.533257684456,145030.578575344,10338.9456030002,2374.96256768476,18889.9809505503,22394.6118613743,1340.54358982822,1588.7752593123,314.025682784996,371.932906194569,50491.7247294885,57342.8747014505,3599.29997598249,4087.96474992817,826.700183443846,939.062597974746
1.69571487153,0.129324617161,Kooki,UG102401,,,,Rakai,UG1024,Central,UG1,Uganda,UG,2020/06/11,2020/08/24,,341193.5,674047.113110094,1015332.26314329,137898.390460116,9784.90130619985,2291.52426808473,373193.350783908,26604.2223030345,6111.2645852142,48607.7857264957,57625.9180798173,3449.49292124613,4088.24379306535,808.052328977333,957.059462170173,129925.53793659,147554.948505557,9261.73522651654,10519.1696668274,2127.26870832142,2416.40018937093
1.11740614875,0.0225655745532,Kotido Municipality,UG308002,,,,Kotido,UG3080,Northern,UG3,Uganda,UG,2020/06/11,2020/08/24,,67195.203125,132747.93535414,199961.188185822,27157.9334236382,1927.05438652312,451.296518426701,73497.3058127545,5239.47883425405,1203.5623924667,9572.89642196687,11348.9420831227,679.348749379408,805.145385535032,159.13914063797,188.484847933,25587.7468731792,29059.7116795303,1824.02120742554,2071.6623923633,418.947761188633,475.88978557935
2.14815653953,0.0797684620496,Kumi,UG204901,,,,Kumi,UG2049,Eastern,UG2,Uganda,UG,2020/06/11,2020/08/24,,288458.46875,569866.067533806,858402.020843848,116584.748992038,8272.54226020216,1937.34517649131,315512.407225834,22492.2609247185,5166.70459541871,41094.943016186,48719.2285011791,2916.33763839763,3456.3628686488,683.159372868103,809.135891980084,109844.184384254,124748.784787512,7830.236981094,8893.32175031027,1798.47703494406,2042.9202154002
0.526908489951,0.00756292844533,Kumi Municipality,UG204902,,,,Kumi,UG2049,Eastern,UG2,Uganda,UG,2020/06/11,2020/08/24,,48157.30078125,95137.4793680889,143307.715970846,19463.4841127926,1381.07682390641,323.434131733723,52673.8769738087,3755.01741826404,862.5662762742,6860.68098466531,8133.53322899011,486.874070435816,577.029708976656,114.051466553586,135.082879320006,18338.1664937289,20826.4460986038,1307.23524645005,1484.71415081005,300.250500168308,341.059576830758
1.9177349622,0.114447440141,Kwania,UG308101,,,,Kwania,UG3081,Northern,UG3,Uganda,UG,2020/06/11,2020/08/24,,243691.09375,481425.578836727,725182.131913566,98491.3534331409,6988.68325904112,1636.67846909228,266546.390340841,19001.5695826404,4364.85674834511,34717.2043677719,41158.2372032837,2463.7359822545,2919.95187906201,577.13630492879,683.561870668803,92796.8922204695,105388.369911924,6615.02164423625,7513.1207407263,1519.36199907383,1725.86876680097
1.87700730986,0.0641662404827,Kween,UG205001,,,,Kween,UG2050,Eastern,UG2,Uganda,UG,2020/06/11,2020/08/24,,120116.0859375,237296.14123439,357444.49227443,48546.6895446434,3444.74336757722,806.723826547494,131381.531576843,9365.93180248642,2151.45125010995,17112.2162865217,20287.0210842313,1214.38300603381,1439.25321784058,284.472251052375,336.929738126107,45739.8721847496,51946.2500756811,3260.56441403084,3703.24020736558,748.89817942279,850.685997259237
0.539255816565,0.00807328677096,Kyadondo,UG102604,,,,Wakiso,UG1026,Central,UG1,Uganda,UG,2020/06/11,2020/08/24,,232827.890625,459964.704858955,692855.136780623,94100.8295041129,6677.14341303782,1563.71900887375,254664.349286528,18154.5221715364,4170.28121117984,33169.5891587969,39323.4951775251,2353.90815059374,2789.78696458214,551.408861160635,653.090213558518,88660.2146174962,100690.392436636,6320.13879607057,7178.20264645696,1451.63224431604,1648.93340288453
2.08264952499,0.141873980421,Kyaka,UG412301,,,,Kyegegwa,UG4123,Western,UG4,Uganda,UG,2020/06/11,2020/08/24,,479272.28125,946829.577850257,1426230.59930336,193704.968519398,13744.7869634929,3218.88917433863,524222.262667768,37370.7773274036,8584.45345259492,68279.0391717567,80946.7507946068,4845.48017919848,5742.72935741327,1135.06582944383,1344.37517633307,182505.554647152,207269.472542662,13009.8989879528,14776.2089344498,2988.16046222728,3394.30156545402
3.90181743246,0.632144165256,Kyamuswa,UG100602,,,,Kalangala,UG1006,Central,UG1,Uganda,UG,2020/06/11,2020/08/24,,33760.390625,66695.5667040853,100465.025910173,13644.7603148721,968.195731525893,226.741583345544,36926.7096269928,2632.43273164578,604.696981652816,4809.63978957042,5701.96532026221,341.320184820173,404.523261504448,79.9551054510587,94.6990528665331,12855.8630598254,14600.2567463899,916.429530786845,1040.8500660263,210.488835682011,239.097797289475
2.52046667959,0.198948183535,Kyotera,UG101301,,,,Kyotera,UG1013,Central,UG1,Uganda,UG,2020/06/11,2020/08/24,,292956.71875,578752.615567539,871788.027179503,118402.783142416,8401.54510551021,1967.55632951419,320432.539028356,22843.0074746224,5247.27469983289,41735.7816375085,49478.9609872978,2961.81529706638,3510.26173437208,693.812627953039,821.753637411069,111557.105500931,126694.129722616,7952.34247396734,9032.0050926184,1826.52266438075,2074.77771606137
2.7129334044,0.223823529459,Labwor,UG306401,,,,Abim,UG3064,Northern,UG3,Uganda,UG,2020/06/11,2020/08/24,,170809.21875,337443.300622749,508298.401461853,69035.0676122932,4898.54392788213,1147.18911696213,186829.071157844,13318.6781900378,3059.43791243086,24334.1620080984,28848.8439755303,1726.89453627254,2046.66773649858,404.52935657255,479.125713211367,65043.6764786622,73869.3599876044,4636.63510093435,5266.13535336837,1064.95905150509,1209.70484060746
3.3932830591,0.443142593962,Lamwo,UG308201,,,,Lamwo,UG3082,Northern,UG3,Uganda,UG,2020/06/11,2020/08/24,,156702.46875,309574.615806462,466319.177346808,63333.6163254918,4493.98417952457,1052.44534262644,171399.277503596,12218.718451727,2806.76580206689,22324.4581852025,26466.2827020229,1584.27419248877,1877.63804183024,371.120184968164,439.555795941638,59671.8652270206,67768.6553439615,4253.7058147473,4831.21705422868,977.006473712393,1109.79803297071
0.248221554289,0.00284109229797,Lira Municipality,UG308302,,,,Lira,UG3083,Northern,UG3,Uganda,UG,2020/06/11,2020/08/24,,127414.7578125,251715.081533316,379164.0649884,51496.5555416774,3654.05797633504,855.743176934737,139364.731178545,9935.0384504132,2282.18092388388,18152.0141683336,21519.7311668097,1288.17314848175,1526.70725782255,301.75777614894,357.402762903086,48519.1861798346,55102.6852149044,3458.68766787792,3928.26198473128,794.403842021852,902.37664230642
1.13151471721,0.0255849766361,Lugazi Municipality,UG100103,,,,Buikwe,UG1001,Central,UG1,Uganda,UG,2020/06/11,2020/08/24,,90877.0859375,179532.838181354,270434.33515817,36729.3160053956,2606.21411865548,610.34881332324,99400.2646899568,7086.04998786092,1627.73885463032,12946.7118239308,15348.6965887888,918.774433407677,1088.90609731971,215.225204883652,254.913340936848,34605.7421273835,39301.3458223644,2466.86853093777,2801.78692092147,566.599250039288,643.609587137073
1.47422534924,0.0527852976295,Luuka,UG205101,,,,Luuka,UG2051,Eastern,UG2,Uganda,UG,2020/06/11,2020/08/24,,297243,587220.407311932,884543.25153762,120135.146992942,8524.46901526191,1996.34385771801,325120.82195898,23177.2259730062,5324.0481401399,42346.4223459731,50202.8929853562,3005.14993512468,3561.62075122218,703.963875109607,833.776803232913,113189.309505855,128547.805156421,8068.69405171979,9164.15333022694,1853.24671386642,2105.13401189994
1.53638996524,0.0643623431328,Lwemiyaga,UG102501,,,,Ssembabule,UG1025,Central,UG1,Uganda,UG,2020/06/11,2020/08/24,,78778.515625,155631.426249708,234431.103044461,31839.5001883818,2259.24585444784,529.092378249819,86166.9938491682,6142.67605446932,1411.03612060255,11223.1012822677,13305.3070701988,796.456943038818,943.938784094094,186.572027380822,220.976436522463,29998.6401277404,34069.1127362951,2138.45150407832,2428.78182603183,491.167244326378,557.92510723273
2.38450160361,0.164224636277,Madi Okollo,UG308401,,,,Madi Okollo,UG3084,Northern,UG3,Uganda,UG,2020/06/11,2020/08/24,,176697.5,349075.93423899,525820.89801465,71414.9034150018,5067.41071723889,1186.73599983558,193269.60244008,13777.81103799,3164.90546873222,25173.0300208166,29843.3459603085,1786.42551939556,2117.22221444771,418.474637997126,495.642543942995,67285.9176377939,76415.8476452825,4796.4731455535,5447.67406824643,1101.67122934236,1251.40681889124
0.414586728144,0.00690409175718,Makindye Ssabagabo Municipality,UG102605,,,,Wakiso,UG1026,Central,UG1,Uganda,UG,2020/06/11,2020/08/24,,458130.78125,905063.345369811,1363317.18787775,185160.319157929,13138.4814771192,3076.89860208648,501097.943987611,35722.2899857057,8205.7788874924,65267.1368291367,77376.0545560077,4631.73796372684,5489.40798361485,1084.99618183016,1285.07254419186,174454.930118002,198126.470276117,12436.0106363535,14124.4057039919,2856.3477184412,3244.57325995117
0.901825092459,0.025791133471,Manjiya,UG202901,,,,Bududa,UG2029,Eastern,UG2,Uganda,UG,2020/06/11,2020/08/24,,297618.5,587962.228861794,885660.67395279,120286.910861884,8535.23777387096,1998.86579135,325531.539347263,23206.5052103738,5330.77388330836,42399.917572407,50266.3131039663,3008.94626943916,3566.12006186056,704.853175900891,834.830093603464,113332.298863786,128710.196535987,8078.88704067637,9175.73018679043,1855.58787628591,2107.79337754175
1.06548079372,0.035729868182,Maracha,UG308501,,,,Maracha,UG3085,Northern,UG3,Uganda,UG,2020/06/11,2020/08/24,,225914.859375,446307.619489796,672283.163210662,91306.8258593322,6478.88838031321,1517.28969859848,247102.958766892,17615.4854660809,4046.45891370171,32184.7311772686,38155.9179156614,2284.01686497069,2706.95374208792,535.036653009379,633.698923952794,86027.7515022003,97700.7341632192,6132.48379956526,6965.07036629679,1408.53096877071,1599.97394140116
3.04763148673,0.128950658596,Maruzi,UG307102,,,,Apac,UG3071,Northern,UG3,Uganda,UG,2020/06/11,2020/08/24,,191330.078125,377983.422343289,569364.894788555,77328.875901932,5487.05040207575,1285.01134176936,209274.540579512,14918.7716990343,3426.99591443442,27257.6454139181,32314.7170395576,1934.36202657335,2292.5524792273,453.12913414916,536.687427126512,72857.9627801832,82743.9556301588,5193.67609424703,5898.80391673412,1192.9022333544,1355.03764583324
0.276431226306,0.00375374030244,Masaka Municipality,UG101702,,,,Masaka,UG1017,Central,UG1,Uganda,UG,2020/06/11,2020/08/24,,128109.546875,253087.676737499,381231.635886543,51777.364799263,3673.98345089768,860.40952022064,140124.683107062,9989.21393345279,2294.62559176838,18250.9965870348,21637.0776508382,1295.19752014432,1535.03234922158,303.403252748293,359.351670037829,48783.7599266902,55403.1585953744,3477.54779368675,3949.6826859788,798.735703653273,907.297276557067
1.12303583844,0.0292728168479,Masindi Municipality,UG412503,,,,Masindi,UG4125,Western,UG4,Uganda,UG,2020/06/11,2020/08/24,,123488.421875,243958.382171305,367479.975012235,49909.6689034883,3541.4567408384,829.373113948677,135070.152105911,9628.88632817862,2211.85461999914,17592.6527035336,20856.5921765059,1248.47758563298,1479.66117246051,292.458991445702,346.389256020208,47024.0483510089,53404.6742707529,3352.10684537256,3807.21104473529,769.923974796358,874.569550720828
3.13725381719,0.287692835412,Matheniko,UG308601,,,,Moroto,UG3086,Northern,UG3,Uganda,UG,2020/06/11,2020/08/24,,112379.8359375,222012.740528345,334422.763487855,45419.9698879176,3222.87969570162,754.765613337188,122919.714279614,8762.70543741249,2012.88392497813,16010.079281196,18980.406190498,1136.16891458134,1346.55603561377,266.150404856445,315.229291710176,42793.9296540099,48600.5768129251,3050.56305367041,3464.72767317312,700.66431053387,795.896336949117
1.97351240667,0.125777091065,Mawogola,UG102502,,,,Ssembabule,UG1025,Central,UG1,Uganda,UG,2020/06/11,2020/08/24,,246126.125,486236.121195815,732428.359611008,99475.5072640171,7058.51618510437,1653.03262942335,269209.798264647,19191.4387117119,4408.47164793146,35064.1086236775,41569.5021052654,2488.35433828968,2949.12887508841,582.903216293441,690.392216787626,93724.1453628906,106441.440708124,6681.1208363539,7588.19399640901,1534.54389961387,1743.11414214846
2.20955298385,0.123905507812,Mawokota,UG101901,,,,Mpigi,UG1019,Central,UG1,Uganda,UG,2020/06/11,2020/08/24,,315053.875,622406.801178506,937545.304690193,127333.675086784,9035.25733348034,2115.96528162651,344602.143032339,24566.0111576934,5643.06643802418,44883.8305779628,53211.0629055917,3185.21927183156,3775.0339585893,746.145566803247,883.73691808938,119971.641277991,136250.421834241,8552.17221998086,9713.27169279732,1964.29372107882,2231.27416909186
0.220270025138,0.00195796465271,Mbale Municipality,UG205402,,,,Mbale,UG2054,Eastern,UG2,Uganda,UG,2020/06/11,2020/08/24,,126444.03125,249797.356145604,376275.352285502,51104.2220694816,3626.21904150958,849.223581820401,138302.962127979,9859.34701647846,2264.79381989939,18013.7205937227,21355.7801848346,1278.35902715233,1515.07583212451,299.458793725101,354.679841622873,48149.5361987472,54682.8779561416,3432.33718816708,3898.33398958767,788.351568925375,895.501763829977
0.29833692384,0.00375337576534,Mbarara Municipality,UG412602,,,,Mbarara,UG4126,Western,UG4,Uganda,UG,2020/06/11,2020/08/24,,139921.015625,276421.903246878,416380.503895411,56551.1442809793,4012.71808681547,939.737723373248,153043.925708377,10910.2014093289,2506.1859253364,19933.7054959536,23631.9771157747,1414.6123913029,1676.55955828088,331.376484454291,392.483244728774,53281.5344480834,60511.2297139076,3798.17141693507,4313.83629323005,872.377692352329,990.948446125798
1.45677913091,0.0672868054688,Mityana,UG101803,,,,Mityana,UG1018,Central,UG1,Uganda,UG,2020/06/11,2020/08/24,,175997.046875,347692.149358049,523736.471855793,71131.8049429317,5047.32280613348,1182.03161556509,192503.455228056,13723.1939053355,3152.35934937058,25073.2406771994,29725.0428437485,1779.34388361893,2108.82925520138,416.815747136088,493.677748918799,67019.1870316569,76112.9247443775,4777.45926814277,5426.07874106249,1097.30405348919,1246.44607062407
0.86103315328,0.0145913445998,Mityana Municipality,UG101804,,,,Mityana,UG1018,Central,UG1,Uganda,UG,2020/06/11,2020/08/24,,87490.875,172843.186394894,260357.562843772,35360.7288604479,2509.10283187713,587.6063386274,95696.4678525998,6822.01357290513,1567.08696360541,12464.2987191245,14776.7820766853,884.539576475313,1048.33188987659,207.2056041748,245.414903192171,33316.2823996294,37836.9211468892,2374.9494611892,2697.38831022335,545.486946999753,619.627768167412
2.87571126041,0.126491803833,Moroto,UG306701,,,,Alebtong,UG3067,Northern,UG3,Uganda,UG,2020/06/11,2020/08/24,,289096.65625,571126.843140604,860301.155378019,116842.681892464,8290.84448958915,1941.63137228295,316210.449045369,22542.0229574683,5178.13544819719,41185.8617507261,48827.0152573587,2922.78976384456,3464.00974962891,684.670799362743,810.926029791952,110087.204413187,125024.779856877,7847.56065123975,8912.9973965103,1802.45599790435,2047.43998613397
0.0863747200986,0.000396040778926,Moroto Municipality,UG308602,,,,Moroto,UG3086,Northern,UG3,Uganda,UG,2020/06/11,2020/08/24,,18716.701171875,36975.9048511963,55697.6336284733,7564.63111496713,536.766010326785,125.70513492737,20472.1028564528,1459.41607549977,335.242942857108,2666.45583831272,3161.15954276646,189.227310020448,224.266984548583,44.3269698065947,52.5009883164672,7127.26786458202,8094.35665570979,508.066919703154,577.045445561715,116.694640214226,132.555398201073
1.52559716441,0.0847428441021,Moyo,UG308701,,,,Moyo,UG3087,Northern,UG3,Uganda,UG,2020/06/11,2020/08/24,,86407.828125,170703.56585858,257134.60450874,34922.9994756403,2478.04272439599,580.332377671122,94511.8441937749,6737.56407481356,1547.68804184601,12310.0035451785,14593.860741738,873.589888017912,1035.3546213638,204.640612316118,242.376919585529,32903.8611552478,37368.5390532393,2345.55003419496,2663.9974225445,538.734380708682,611.957414910836
0.78184623468,0.0228976302928,Mubende Municipality,UG102003,,,,Mubende,UG1020,Central,UG1,Uganda,UG,2020/06/11,2020/08/24,,124483.0390625,245923.304843877,370439.782042397,50311.6581245028,3569.98082179873,836.053163312485,136158.052435051,9706.44060973049,2229.66963931755,17734.3498317904,21024.5781685241,1258.53324304624,1491.57886005794,294.814554300212,349.179191322416,47402.7958157962,53834.8134377778,3379.10583873664,3837.87560003559,776.125200844707,881.613627352495
2.26366482431,0.146425362693,Mukono,UG102102,,,,Mukono,UG1021,Central,UG1,Uganda,UG,2020/06/11,2020/08/24,,310396.28125,613205.460528033,923685.119185517,125451.239807267,8901.68475613604,2084.68394388413,339507.722950618,24202.839938071,5559.64225867524,44220.2912110022,52424.4180372499,3138.13063541069,3719.22580650241,735.114936157828,870.672207978015,118198.042503516,134236.165976668,8425.74132342164,9569.67570138656,1935.25461734312,2198.28816431887
0.544124427075,0.00933931987056,Mukono Municipality,UG102103,,,,Mukono,UG1021,Central,UG1,Uganda,UG,2020/06/11,2020/08/24,,118322.6171875,233753.041986044,352107.442521682,47821.8326702729,3393.30946067541,794.678529187853,129419.85700702,9226.08786841808,2119.32765438915,16856.7115811063,19984.1129594686,1196.25089695905,1417.7635426702,280.224759232086,331.898996809834,45056.9242618958,51170.6339251607,3211.88050680655,3647.94665085467,737.716284248271,837.984295066402
2.41143372117,0.190597892221,Mwenge,UG412401,,,,Kyenjojo,UG4124,Western,UG4,Uganda,UG,2020/06/11,2020/08/24,,577008,1139912.03420179,1717075.02778272,233206.302237912,16547.6960519112,3875.30194707412,631124.417520032,44991.6223569011,10335.0402507236,82202.8591590221,97453.8370144778,5833.59592577932,6913.8168650606,1366.53441005926,1618.5272173939,219723.045115795,249536.951106321,15662.9458638041,17789.4510039516,3597.52182515529,4086.48535352678
2.85682152152,0.282561576393,Nakaseke,UG102201,,,,Nakaseke,UG1022,Central,UG1,Uganda,UG,2020/06/11,2020/08/24,,257067.171875,507850.77991732,764987.00414776,103897.492893905,7372.2884693313,1726.51490394592,281176.983877401,20044.5559114546,4604.44147822529,36622.8137634985,43417.3915607392,2598.96917634004,3080.2265278173,608.815018273239,721.082228284815,97890.4656498357,111173.083040811,6978.11676170757,7925.51205320328,1602.75899355167,1820.60081097617
1.32672186535,0.067423521773,Nakifuma,UG102104,,,,Mukono,UG1021,Central,UG1,Uganda,UG,2020/06/11,2020/08/24,,253523.75,500850.549006195,754442.399541825,102465.36662748,7270.66861627694,1702.71656892891,277301.231605531,19768.2611307043,4540.97371399425,36118.0037620226,42818.9248880418,2563.14490455642,3037.76858976549,600.423093167271,711.142808471924,96541.1404333658,109640.669814008,6881.93018370389,7816.26654909997,1580.6665138442,1795.50559289678
1.11054385395,0.0241840166361,Nansana Municipality,UG102606,,,,Wakiso,UG1026,Central,UG1,Uganda,UG,2020/06/11,2020/08/24,,596610.75,1178638.37877318,1775409.38796641,241129.043068531,17109.8725707491,4006.95796439625,652565.669938613,46520.1272045926,10686.153597982,84995.545044451,100764.645882874,6031.78125862404,7148.70065099003,1412.95981907748,1673.51360304327,227187.717915208,258014.494690291,16195.0646767698,18393.8137869073,3719.74079085085,4225.31592565723
1.31514961386,0.0478141936211,Ndorwa,UG410902,,,,Kabale,UG4109,Western,UG4,Uganda,UG,2020/06/11,2020/08/24,,212337.75,419485.269771531,631880.057088585,85819.436650823,6089.51790503201,1426.10309737879,232252.479664518,16556.8239263825,3803.27342601505,30250.4820685218,35862.8103605512,2146.75122925358,2544.27029961287,502.881835138438,595.614666790032,80857.625930726,91829.0816414611,5763.9316666181,6546.48115782506,1323.88058732179,1503.81815395251
0.366379462931,0.00439566922315,Nebbi Municipality,UG309101,,,,Nebbi,UG3091,Northern,UG3,Uganda,UG,2020/06/11,2020/08/24,,46286.28515625,91441.1818694111,137739.900262435,18707.2855239764,1327.41899269631,310.868013942343,50627.3825638542,3609.12684408854,829.053704881589,6594.12864239934,7817.52781525184,467.957956400881,554.610852768567,109.620319613993,129.834616361378,17625.6889360793,20017.2934793424,1256.44632074242,1427.02978458192,288.585116766095,327.808672254422
1.25615804457,0.0586210057516,Ngora,UG205801,,,,Ngora,UG2058,Eastern,UG2,Uganda,UG,2020/06/11,2020/08/24,,182401.671875,360344.849341498,542795.51722399,73720.3286955842,5230.99753477931,1225.04636706382,199508.757100056,14222.5881413557,3267.07536226085,25985.6690782637,30806.7527695881,1844.09514236429,2185.57065972157,431.983891158399,511.642941567257,69458.0504578568,78882.7140635538,4951.31352086191,5623.53659716879,1137.23552449035,1291.80489798406
1.16050995975,0.03150300675,Njeru Municipality,UG100104,,,,Buikwe,UG1001,Central,UG1,Uganda,UG,2020/06/11,2020/08/24,,210817.234375,416481.404904615,627355.268161844,85204.8978118447,6045.91187113875,1415.89100818398,230589.357943228,16438.2632395501,3776.03881196078,30033.8633530604,35606.0026873531,2131.37869758143,2526.05119940678,499.280781214411,591.349568345062,80278.6178003862,91171.5087253629,5722.65710210696,6499.60288540652,1314.40049667066,1493.04956004849
1.17500910223,0.0428623181717,Ntenjeru,UG101002,,,,Kayunga,UG1010,Central,UG1,Uganda,UG,2020/06/11,2020/08/24,,269925.15625,533252.457406438,803250.119872209,109094.237116388,7741.03555304197,1812.8717168218,295240.892695222,21047.144397699,4834.74640650843,38454.6134589049,45589.0424106684,2728.9644021666,3234.29328117698,639.266724475651,757.149315174014,102786.75041699,116733.737690851,7327.14816713568,8321.93027105925,1682.92578398883,1911.6636122273
2.16461330953,0.113947446288,Ntoroko,UG412801,,,,Ntoroko,UG4128,Western,UG4,Uganda,UG,2020/06/11,2020/08/24,,82947.2734375,163867.04377692,246836.598179221,33524.3652065072,2378.79937397491,557.090595376205,90726.7310559247,6467.73078022249,1485.70454770877,11816.9991334743,14009.3899328492,838.603409969191,993.889613320752,196.444942484225,232.669945073913,31586.0915338089,35871.9631550621,2251.61289514482,2557.30675610699,517.158560242718,587.449078725641
0.318946759347,0.00413238518632,Ntungamo Municipality,UG412902,,,,Ntungamo,UG4129,Western,UG4,Uganda,UG,2020/06/11,2020/08/24,,22182.326171875,43822.4436228088,66010.7283224108,8965.314625756,636.154769459942,148.980970462282,24262.7618411945,1729.64472264267,397.317253558024,3160.18258694183,3746.48670270757,224.265049324373,265.79274601632,52.5346477155,62.222185228435,8446.96824695007,9593.12529700738,602.141692945893,683.892432320251,138.302072997313,157.099643347269
3.84690187549,0.385188575813,Nwoya,UG309201,,,,Nwoya,UG3092,Northern,UG3,Uganda,UG,2020/06/11,2020/08/24,,251487.59375,496828.006835393,748383.154176876,101642.424016907,7212.27480763096,1689.04133343794,275074.108364153,19609.4938812733,4504.50323732753,35827.9248282045,42475.0280281655,2542.55920591057,3013.37098796249,595.6008418642,705.431320399849,95765.7777840064,108760.09931481,6826.65849749851,7753.49081315564,1567.97151386361,1781.08512958758
2.74030610663,0.247255476251,Nyabushozi,UG411901,,,,Kiruhura,UG4119,Western,UG4,Uganda,UG,2020/06/11,2020/08/24,,210676.296875,416202.974878826,626935.862777988,85147.935840396,6041.87000185389,1414.9444435468,230435.202199123,16427.2737787871,3773.51441934345,30013.7848351495,35582.199030984,2129.95380845374,2524.36246014421,498.946997378801,590.95423382682,80224.949191509,91110.5578996437,5718.83133810944,6495.25771038144,1313.521781415,1492.05141265797
1.31840317723,0.0689334920097,Obongi,UG309301,,,,Obongi,UG3093,Northern,UG3,Uganda,UG,2020/06/11,2020/08/24,,39514.4765625,78063.0898683873,117588.180651524,15970.3591007529,1133.2140070963,265.387183471063,43220.4596888029,3081.10183416975,707.760907577907,5629.38980327772,6673.80237125703,399.494442857469,473.469786331999,93.5825706370385,110.839461146951,15047.0030163693,17088.7093523286,1072.62482883252,1218.25147095948,246.364334364829,279.849377694821
1.56626263049,0.0724104154579,Okoro,UG310001,,,,Zombo,UG3100,Northern,UG3,Uganda,UG,2020/06/11,2020/08/24,,309698.71875,611827.386240747,921609.295021783,125169.309623968,8881.67974368004,2079.99897363336,338744.737469487,24148.4481990131,5547.14791455021,44120.9136773422,52306.6031331543,3131.07822407848,3710.86748326091,733.462891195857,868.715521256022,117932.412639357,133934.493175847,8406.80591234568,9548.16949364604,1930.90546392035,2193.34788803255
2.2884172675,0.12653819223,Omoro,UG309401,,,,Omoro,UG3094,Northern,UG3,Uganda,UG,2020/06/11,2020/08/24,,217263.375,429216.121360184,646537.856778922,87810.2007172842,6230.77720363046,1459.18458698215,237640.069107034,16940.8946149547,3891.4984291952,30952.2062355094,36694.724399775,2196.54968253657,2603.29005184501,514.547247149274,609.431213744625,82733.2902613739,93959.2521846652,5897.63830105021,6698.340689411,1354.59080873991,1538.7024093172
2.84207824152,0.134165303574,Otuke,UG309501,,,,Otuke,UG3095,Northern,UG3,Uganda,UG,2020/06/11,2020/08/24,,148394.8125,293162.369641094,441597.043362049,59975.9543964957,4255.7334611138,996.649449950346,162312.462915691,11570.9372551562,2657.9637720553,21140.9163683467,25063.1600795292,1500.28313924033,1778.09416394574,351.44507104848,416.252535409067,56508.3327820193,64175.8677024308,4028.19356864526,4575.08777384254,925.210008714918,1050.96156001408
2.23390354033,0.183162331315,Oyam,UG309601,,,,Oyam,UG3096,Northern,UG3,Uganda,UG,2020/06/11,2020/08/24,,503920.46875,995523.470400294,1499579.30025093,203666.897407285,14451.6588179221,3384.43136614636,551182.154001791,39292.6951236596,9025.93781662433,71790.5181903971,85109.7094491268,5094.67527905472,6038.06851116968,1193.44040373802,1413.51418710619,191891.516044715,217929.001628995,13678.9767588908,15536.1251294895,3141.83665472682,3568.86492889046
2.11732610173,0.0764452534007,Padyere,UG309102,,,,Nebbi,UG3091,Northern,UG3,Uganda,UG,2020/06/11,2020/08/24,,268846.3125,531121.14038198,800039.669303059,108658.206486605,7710.09598467809,1805.6259848996,294060.866364021,20963.0226340803,4815.42276874173,38300.9170788966,45406.8309630341,2718.05720763108,3221.36637528743,636.711686924261,754.123121477063,102375.929710944,116267.173310296,7297.86283443361,8288.6689678684,1676.19942328576,1904.02302633747
1.6288370119,0.062823337381,Pallisa,UG205902,,,,Pallisa,UG2059,Eastern,UG2,Uganda,UG,2020/06/11,2020/08/24,,322545.375,637206.684376352,959838.700224802,130361.475417482,9250.10195430517,2166.27970454006,352796.255720294,25150.1533860277,5777.24993987908,45951.0995229165,54476.3407180206,3260.95892167693,3864.79850092598,763.887768874898,904.750832366316,122824.383687949,139490.248785017,8755.52981457,9944.23845962915,2011.00162591402,2284.33046125063
2.56891789602,0.146700583123,Pian,UG308801,,,,Nabilatuk,UG3088,Northern,UG3,Uganda,UG,2020/06/11,2020/08/24,,100214.859375,197980.139282996,298221.917972662,40503.3150045338,2874.00700306152,673.063180513436,109613.809080461,7814.15354301839,1794.99175983909,14277.0082405172,16925.8009801598,1013.18005184078,1200.79303038528,237.339956699365,281.106115488416,38161.5403386542,43339.6252114116,2720.34342182322,3089.67523971845,624.818276014251,709.741554782054
2.82592116953,0.132668001079,Pokot,UG306901,,,,Amudat,UG3069,Northern,UG3,Uganda,UG,2020/06/11,2020/08/24,,155832.328125,307855.603643918,463729.79082557,62981.9361450035,4469.02989364826,1046.60130292805,170447.528142905,12150.8701057814,2791.18033638329,22200.4944841006,26319.3201943134,1575.47700284,1867.21185548949,369.05942132944,437.115021663773,59340.518091792,67392.3481894745,4230.08575141495,4804.39017485268,971.581332484903,1103.63552409809
1.14984062535,0.040149301143,Rubabo,UG413302,,,,Rukungiri,UG4133,Western,UG4,Uganda,UG,2020/06/11,2020/08/24,,164955.390625,325878.731109265,490878.431391473,66669.1565487247,4730.6652008062,1107.87362821561,180426.224289772,12862.231790088,2954.58746097665,23500.2023248696,27860.1609555297,1667.71187693296,1976.52608228271,390.665670863885,462.705524676271,62814.5549739179,71337.7721714685,4477.73229019709,5085.65884591052,1028.4616815546,1168.2468662035
1.4359365489,0.0560551265826,Rubanda,UG413001,,,,Rubanda,UG4130,Western,UG4,Uganda,UG,2020/06/11,2020/08/24,,232947.40625,460200.814755547,693210.794406024,94149.1335085043,6680.57093611541,1564.5216998837,254795.074041146,18163.8412829972,4172.42190731397,33186.6158310253,39343.6807836856,2355.11646289282,2791.21902296567,551.691911333427,653.425458983134,88705.7258358223,100742.079007138,6323.38306090616,7181.8873741473,1452.37739874957,1649.77983629807
1.86551591821,0.0797696951444,Ruhaama,UG412903,,,,Ntungamo,UG4129,Western,UG4,Uganda,UG,2020/06/11,2020/08/24,,284896.3125,562828.82580218,847801.666010059,115145.050951359,8170.38513427944,1913.42101763838,311616.163519687,22214.5053497936,5102.90127168122,40587.4640409878,48117.5976839155,2880.32396062022,3413.68045184135,674.723078935206,799.143921603183,108487.725169774,123208.269560706,7733.54185641261,8783.49865586826,1776.26775040383,2017.69231675304
1.31330697402,0.0441998676987,Ruhinda,UG412701,,,,Mitooma,UG4127,Western,UG4,Uganda,UG,2020/06/11,2020/08/24,,214910.421875,424567.728992833,639535.879245715,86859.2199724412,6163.29815110971,1443.38167987048,235066.437250166,16757.4254456824,3849.35366646238,30616.9951563872,36297.3220927941,2172.76114275281,2575.09653113417,508.974722313277,602.831099579718,81837.2922411737,92941.6774735544,5833.76712869741,6625.79794419468,1339.92064780496,1522.03832756643
1.31045921217,0.0347062412582,Rukiga,UG413201,,,,Rukiga,UG4132,Western,UG4,Uganda,UG,2020/06/11,2020/08/24,,118740,234577.60540776,353349.5008716,47990.524096251,3405.27935349932,797.481756224491,129876.385312385,9258.63287624858,2126.80357875614,16916.1735999194,20054.6068808389,1200.4706697776,1422.76470093533,281.213251550128,333.069769905014,45215.8624785956,51351.1382413494,3223.21040933246,3660.81477589429,740.318577071617,840.940283111794
0.416717526415,0.00532205697742,Rukungiri Municipality,UG413303,,,,Rukungiri,UG4133,Western,UG4,Uganda,UG,2020/06/11,2020/08/24,,42291.30078125,83548.8636251049,125851.524526406,17092.6536062353,1212.84902630133,284.036894223088,46257.7166551086,3297.62192852113,757.497809093945,6024.98724761691,7142.7944386667,427.568352489753,506.742209097199,100.158954059119,118.628548258335,16104.4099727634,18289.5943475194,1148.00202882209,1303.8623782364,263.677241173006,299.515398788533
1.31572170511,0.0549020451616,Rushenyi,UG412904,,,,Ntungamo,UG4129,Western,UG4,Uganda,UG,2020/06/11,2020/08/24,,156190.609375,308563.408576439,464795.973248167,63126.7408019123,4479.3048451673,1049.00759196689,170839.411869325,12178.8067283196,2797.59766706125,22251.5366587898,26379.8321500278,1579.09925424775,1871.50484787207,369.907942765198,438.120012850389,59476.9505975075,67547.2930269179,4239.81133550177,4815.43616856942,973.815139670278,1106.17294312966
1.14196051296,0.0466915259062,Rwampara,UG413401,,,,Rwampara,UG4134,Western,UG4,Uganda,UG,2020/06/11,2020/08/24,,159313.0625,314731.991842907,474087.848380504,64388.7263327758,4568.8519662624,1069.97861606874,174254.713580479,12422.2768913453,2853.52527764528,22696.3737745057,26907.1992540005,1610.66749910474,1908.91866029059,377.302882937795,446.878600890501,60665.9720822293,68897.6511376978,4324.5706703102,4911.7029913506,993.282968998834,1128.28677684148
1.47837258035,0.0613494680631,Samia-Bugwe,UG203502,,,,Busia,UG2035,Eastern,UG2,Uganda,UG,2020/06/11,2020/08/24,,351376,694163.219452224,1045633.60466784,142013.798171166,10076.9196405186,2359.91198901075,384330.846938896,27398.1925680034,6293.64775382364,50058.4252555607,59345.6926676912,3552.4387911721,4210.25239646163,832.167656027268,985.621723683208,133803.005678617,151958.544304298,9538.14031320197,10833.1013364884,2190.75442426408,2488.5146784461
1.33448949664,0.0667315685328,Serere,UG206002,,,,Serere,UG2060,Eastern,UG2,Uganda,UG,2020/06/11,2020/08/24,,216158.3125,427033.007707868,643249.383789139,87363.5733925906,6199.08572211137,1451.76276465405,236431.365022106,16854.7284704978,3871.70517603915,30794.7746278897,36508.0847331399,2185.37741439171,2590.04898803056,511.9301154431,606.331475555256,82312.485528089,93481.3490584833,5867.64125748475,6664.27104878201,1347.7009797221,1530.87613702811
0.776021239567,0.0219223619355,Sheema,UG413501,,,,Sheema,UG4135,Western,UG4,Uganda,UG,2020/06/11,2020/08/24,,81894.1015625,161786.442997736,243702.542626221,33098.7102440289,2348.59603523798,550.017280937253,89574.784313145,6385.61075541016,1466.84073001637,11666.9600710854,13831.5143396954,827.955760094067,981.270312598435,193.950703917526,229.71576186626,31185.0466065196,35416.5010147132,2223.0244283239,2524.83692991905,510.592258205394,579.990306157611
0.599782788656,0.0147724156238,Sheema,UG413501,,,,Sheema,UG4135,Western,UG4,Uganda,UG,2020/06/11,2020/08/24,,68488.2421875,135302.407368456,203809.04659362,27680.534251382,1964.13674480845,459.980829210172,74911.6164031639,5340.30226337934,1226.72257526606,9757.10791980018,11567.3300743642,692.421475246075,820.63881938256,162.201459310254,192.111866823223,26080.1325598008,29618.9084763124,1859.12089553337,2111.52744631149,427.009583985062,485.047345250003
0.645703010858,0.0201025204282,Sheema Municipality,UG413502,,,,Sheema,UG4135,Western,UG4,Uganda,UG,2020/06/11,2020/08/24,,95895.5078125,189447.015260379,285368.282140606,38757.5852989558,2750.13468795047,644.053545429947,104889.354239372,7477.35642005529,1717.62598283866,13661.6562035428,16196.2835676108,969.511070341379,1149.03775891775,227.11038875698,268.9901863065,36516.7432505061,41471.647956915,2603.09414678686,2956.50742750452,597.888040182838,679.151048416649
1.81003133793,0.112663510804,Soroti,UG206201,,,,Soroti,UG2062,Eastern,UG2,Uganda,UG,2020/06/11,2020/08/24,,334189,660209.326036836,994488.09454926,135067.418369564,9584.02309134735,2244.48063526113,365531.912844539,26058.053413177,5985.8039513301,47609.8967423233,56442.8921921903,3378.67687941981,4004.3145750453,791.463494376669,937.411599585537,127258.243775134,144525.733011103,9071.597300694,10303.2173584414,2083.5971446268,2366.79292801791
0.215080336905,0.00244716634435,Soroti Municipality,UG206202,,,,Soroti,UG2062,Eastern,UG2,Uganda,UG,2020/06/11,2020/08/24,,66910.046875,132184.593007061,199112.612991213,27042.6833151084,1918.87654678381,449.381351616456,73185.4053327205,5217.24406053738,1198.45483534185,9532.27192619374,11300.7805832628,676.46579743037,801.728590463859,158.463801946187,187.6849748778,25479.1601645308,28936.3909955642,1816.280609537,2062.8708797017,417.169872783352,473.870252333551
1.9552978781,0.0941463967472,Terego,UG307203,,,,Arua,UG3072,Northern,UG3,Uganda,UG,2020/06/11,2020/08/24,,300449.59375,593555.215155881,894085.514473956,121431.139199665,8616.42915920611,2017.87998720469,328628.15567479,23427.256917208,5381.48282990845,42803.2464704418,50744.4710305205,3037.56884826909,3600.04275221376,711.558086452354,842.771408610135,114410.371507074,129934.551315593,8155.73739308328,9263.01425140169,1873.23914204771,2127.84374624346
0.7482909633,0.0157337668276,Tingey,UG204502,,,,Kapchorwa,UG2045,Eastern,UG2,Uganda,UG,2020/06/11,2020/08/24,,69906.015625,138103.299216018,208028.092715311,28253.5483183802,2004.79629184111,469.502881179735,76462.359954237,5450.85173078299,1252.1169294916,9959.08957378455,11806.7850931881,706.755275381737,837.626843643961,165.55918777851,196.088769910688,26620.0167502657,30232.0487810452,1897.60651202171,2155.2381246749,435.849099008306,495.088298559078
0.374976725499,0.00318570076128,Tingey,UG204502,,,,Kapchorwa,UG2045,Eastern,UG2,Uganda,UG,2020/06/11,2020/08/24,,9741.33984375,19244.5694290894,28988.5259525829,3937.10632054282,279.366544090805,65.4248004596039,10654.9604767203,759.571242513508,174.481357938077,1387.79009510432,1645.26478911116,98.4857063058601,116.722540588702,23.0705225864557,27.3247921536496,3709.47517881307,4212.8085646991,264.429745538319,300.33047698339,60.7351764518785,68.9901051548873
1.26277705158,0.0589284978424,Toroma,UG204702,,,,Katakwi,UG2047,Eastern,UG2,Uganda,UG,2020/06/11,2020/08/24,,78745.9609375,155567.112617919,234334.225980463,31826.3427307861,2258.31223641513,528.87373441151,86131.3859231326,6140.13763523433,1410.45301949189,11218.4634117502,13299.8087422558,796.127812606718,943.548707791037,186.494927755379,220.885119508189,29986.2433930846,34055.0339064297,2137.56780349198,2427.77814840824,490.964272792548,557.694548464641
1.63883860008,0.0323841148733,Tororo,UG206301,,,,Tororo,UG2063,Eastern,UG2,Uganda,UG,2020/06/11,2020/08/24,,237878.0625,469941.605863967,707883.566217604,96141.9310289352,6821.97452317392,1597.63698037544,260188.16660446,18548.3042782619,4260.73702739243,33889.0567699383,40176.4445764959,2404.9657825061,2850.29906056838,563.369238909126,667.256118766427,90583.3060525077,102874.425400218,6457.22626917498,7333.90202173746,1483.11898893846,1684.69972397537
0.206171127571,0.0025077564473,Tororo Municipality,UG206302,,,,Tororo,UG2063,Eastern,UG2,Uganda,UG,2020/06/11,2020/08/24,,52020.98828125,102770.413188149,154805.375139187,21025.0504600145,1491.88139921485,349.38343519509,56899.9319382406,4056.28459117166,931.770456855263,7411.11730339395,8786.09120374934,525.936252690627,623.325129142102,123.201880271361,145.920655188373,19809.4479714134,22497.3636574203,1412.11547020285,1603.83360751746,324.339767746625,368.422979728732
1.72554001664,0.0662479857685,Vurra,UG307204,,,,Arua,UG3072,Northern,UG3,Uganda,UG,2020/06/11,2020/08/24,,170245.234375,336329.117498487,506620.082467364,68807.1250003819,4882.36972923059,1143.40128430373,186212.191824868,13274.7020718294,3049.33614396942,24253.8145464584,28753.5897652595,1721.19261021224,2039.90997112357,403.193666157212,477.543717708493,64828.9127938039,73625.4553252616,4621.32568280903,5248.74742736725,1061.44272920435,1205.71059115501
1.41782430247,0.0619314748975,West Budama (Kisolo),UG206303,,,,Tororo,UG2063,Eastern,UG2,Uganda,UG,2020/06/11,2020/08/24,,376345.03125,743490.957029928,1119937.08057684,152105.400797604,10792.9927969318,2527.60903206679,411641.67331166,29345.127835136,6740.8788892504,53615.6129534453,63562.8402667659,3804.87764638842,4509.43595953264,891.302088113079,1055.66071217225,143311.14348579,162756.827742662,10215.9274231561,11602.9093080209,2346.43100912054,2665.35032109729
