country,provpcode,province,ctypcode,county,scpcode,subcounty,dhis2_id,pop_f0,pop_f1,pop_f5,pop_f10,pop_f15,pop_f20,pop_f25,pop_f30,pop_f35,pop_f40,pop_f45,pop_f50,pop_f55,pop_f60,pop_f65,pop_f70,pop_f75,pop_f80,pop_m0,pop_m1,pop_m5,pop_m10,pop_m15,pop_m20,pop_m25,pop_m30,pop_m35,pop_m40,pop_m45,pop_m50,pop_m55,pop_m60,pop_m65,pop_m70,pop_m75,pop_m80,pop_f02022,pop_f12022,pop_f52022,pop_f102022,pop_f152022,pop_f202022,pop_f252022,pop_f302022,pop_f352022,pop_f402022,pop_f452022,pop_f502022,pop_f552022,pop_f602022,pop_f652022,pop_f702022,pop_f752022,pop_f802022,pop_m02022,pop_m12022,pop_m52022,pop_m102022,pop_m152022,pop_m202022,pop_m252022,pop_m302022,pop_m352022,pop_m402022,pop_m452022,pop_m502022,pop_m552022,pop_m602022,pop_m652022,pop_m702022,pop_m752022,pop_m802022,pop_f02030,pop_f12030,pop_f52030,pop_f102030,pop_f152030,pop_f202030,pop_f252030,pop_f302030,pop_f352030,pop_f402030,pop_f452030,pop_f502030,pop_f552030,pop_f602030,pop_f652030,pop_f702030,pop_f752030,pop_f802030,pop_m02030,pop_m12030,pop_m52030,pop_m102030,pop_m152030,pop_m202030,pop_m252030,pop_m302030,pop_m352030,pop_m402030,pop_m452030,pop_m502030,pop_m552030,pop_m602030,pop_m652030,pop_m702030,pop_m752030,pop_m802030,Totpop_2020,Totpop_2022,Totpop_2030,cons_class12,cons_class40,cons_class80,cons_class12_2030,cons_class40_2030,cons_class80_2030,pop2020_f,pop2020_m,pop2022_f,pop2022_m,pop2030_f,pop2030_m,Females_2022_12USD,Males_2022_12USD,Females_2022_40USD,Males_2022_40USD,Females_2022_80USD,Males_2022_80USD,Females_2030_12USD,Males_2030_12USD,Females_2030_40USD,Males_2030_40USD,Females_2030_80USD,Males_2030_80USD
Kenya,KEN_1_4,Central,KEN_2_22,Kiambu,KEN_3_113,Juja Sub County,aiqi2bz0IMI,3850.991067,14547.09139,14911.04794,13526.43876,15174.0725,22610.93141,20121.0355,16577.45266,12304.61163,8321.976156,5347.279512,2974.944216,2120.963959,1299.666759,858.1518424,404.5171258,284.2626468,314.6161457,3702.259316,13965.68938,14018.50463,12150.69993,10735.7831,19260.23229,20367.96185,18717.8676,15584.75093,11360.95935,7359.278815,3928.183777,2238.730573,1124.793489,641.7569934,312.8631644,168.6037432,143.0564803,3862.929139,14592.18738,15321.10176,14033.68021,15950.98501,21374.11346,20714.60605,18606.53287,13052.73202,8779.684845,6163.809094,3353.35712,2351.512741,1561.939511,945.3400696,389.4690887,319.1132473,314.7419921,3728.545357,14064.84577,14308.68767,12634.29779,11121.19771,17998.68708,20889.38167,21149.3186,17171.27857,11938.09609,8543.386776,4365.78345,2419.843876,1278.44028,673.2030861,284.3613302,161.7247105,140.95355,3901.172138,14736.65003,16058.04676,15818.76433,18723.26621,22023.88651,18672.14589,23252.58413,18521.82673,10916.66014,8412.983032,5423.049134,3560.660593,2490.356356,1617.382325,460.1966752,336.7282985,377.1868034,3789.693501,14295.50924,15008.3825,14054.39286,12870.56211,17561.31898,18161.22842,26423.95866,25942.36766,16100.91019,11656.59692,7059.471838,3464.974446,1826.763316,978.7699669,277.707275,121.261188,136.8377064,311332.0266,324559.869,375034.2529,113350.7492,24704.58846,5035.334105,151709.0484,42970.82464,8639.13491,155550.0512,155781.9754,113877.9371,118135.6568,134788.9128,142582.7287,51880.63789,58216.94477,8607.078619,9923.833183,1754.310402,2022.54265,70013.72582,77948.10905,15362.06981,17544.9877,3088.49073,3527.358784
Kenya,KEN_1_4,Central,KEN_2_22,Kiambu,KEN_3_120,Kikuyu Sub County,jOVcLeZQSsS,2212.581957,8357.980629,9158.52207,8853.274842,9425.339286,11084.73187,10563.17581,9784.855464,7958.720603,6363.603316,4216.008934,2799.178591,2319.777158,1847.425436,1433.635414,795.8969395,483.9526376,465.699968,2209.03988,8332.954021,8779.596454,8166.664091,7845.578279,9946.99929,10507.81337,10059.71506,8910.751121,7129.593873,4931.173452,2831.991127,2038.992702,1481.483443,1099.938981,576.4080642,305.9395152,256.7723733,2219.440961,8383.890369,9410.381427,9185.272648,9907.916657,10478.39704,10874.78949,10982.52177,8442.610816,6713.601498,4859.793498,3155.234108,2571.936936,2220.235889,1579.292772,766.2895733,543.285231,465.886248,2224.724063,8392.117994,8961.334101,8491.697321,8127.23454,9295.470836,10776.81339,11366.47205,9817.865585,7491.777242,5724.59926,3147.474939,2203.947211,1683.854081,1153.835991,523.8972895,293.457183,252.9978194,2241.413426,8466.890884,9863.020774,10353.63933,11629.91257,10796.94031,9802.535251,13724.85746,11980.06475,8347.692103,6633.132146,5102.6446,3894.426908,3539.944102,2702.012003,905.4477598,573.2745757,558.3180796,2261.209537,8529.748729,9399.543338,9446.1641,9405.648533,9069.590895,9369.361564,14201.27017,14832.83133,10104.15997,7810.64323,5089.466976,3155.832012,2406.059096,1677.562147,511.638093,220.0341958,245.6102831,193535.766,202690.3478,238852.5412,70788.48918,15428.22174,3144.608187,96620.75251,27367.34201,5502.108971,98124.36092,95411.4051,73561.79153,71859.69742,90191.20261,88099.70849,32399.8915,36356.96804,5375.192456,6197.516674,1095.581492,1263.094771,44590.47728,49643.74264,9783.824768,11174.08574,1967.003957,2246.511093
Kenya,KEN_1_4,Central,KEN_2_22,Kiambu,KEN_3_122,Lari Sub County,nCziQtZ49jj,1641.902163,6202.285108,8082.930371,8156.586061,7180.482586,5294.980407,5229.481846,5513.635065,5166.294283,4456.251823,3285.416695,2212.475375,2189.161136,1724.468923,1447.508621,877.6408791,468.4969984,471.5837539,1781.262735,6719.263995,8566.216682,8388.949832,7586.345644,6095.288758,5143.613071,5408.480664,5271.012732,4555.06545,3320.798879,2014.950732,1701.486589,1411.380938,1166.702295,616.4848021,338.4651815,290.2385105,1646.99206,6221.512192,8305.210956,8462.458038,7548.123294,5005.344979,5383.751561,6188.503997,5480.404976,4701.345674,3787.099824,2493.902242,2427.122952,2072.466752,1594.575496,844.9926384,525.9347304,471.7723874,1793.909701,6766.97077,8743.537367,8722.830036,7858.695453,5696.047345,5275.289566,6111.042302,5807.601828,4786.462774,3855.115419,2239.416244,1839.136854,1604.175574,1223.870707,560.3230366,324.6558021,285.9720044,1663.297281,6283.105163,8704.691603,9538.882701,8859.987123,5157.507466,4852.913657,7733.773445,7776.69466,5845.653211,5169.01255,4033.138706,3675.149574,3304.340989,2728.159217,998.4433015,554.9663275,565.3720291,1823.32982,6877.94909,9171.096344,9703.276132,9094.868248,5557.633394,4586.336749,7635.136252,8774.124842,6455.502344,5259.919477,3621.136067,2633.460061,2292.206478,1779.385621,547.2114775,243.4269204,277.6216218,139977.5896,146656.5675,173778.7099,51218.9996,11163.08728,2275.280732,70297.05289,19911.28654,4003.094939,69601.58209,70376.00749,48525.3415,47467.80491,61255.11226,58757.96955,23442.93612,26306.07819,3889.219609,4484.212161,792.707807,913.9120116,32442.08991,36118.62578,7118.284938,8129.778294,1431.106441,1634.463664
Kenya,KEN_1_4,Central,KEN_2_22,Kiambu,KEN_3_112,Gatundu North Sub County,HEsM6W2ImQR,1217.170035,4597.827019,6323.871805,6464.210085,5211.456977,3933.854772,4010.628929,4399.12638,4211.783384,3780.383622,2958.593165,2374.472559,1977.219483,1691.223141,1608.008168,933.031588,551.7969201,547.1918143,1312.401776,4950.641403,6746.212457,6955.284783,6055.37028,4607.220618,3869.448147,4248.119569,4086.938401,3574.05284,2892.34979,1955.366793,1727.739961,1342.076682,1117.151465,698.3505625,399.331944,332.2973446,1220.943262,4612.080283,6497.778279,6706.617963,5478.283575,3718.672916,4128.942482,4937.579449,4467.859814,3988.304721,3410.370341,2676.505469,2192.143241,2032.511971,1771.381798,898.3228129,619.4472225,547.410691,1321.719829,4985.790957,6885.859055,7232.105117,6272.758073,4305.447668,3968.50602,4799.950302,4502.98873,3755.614724,3357.728871,2173.194653,1867.514124,1525.404357,1171.891887,634.7308263,383.0392007,327.4125736,1233.030601,4657.739877,6810.321415,7559.699768,6430.40926,3831.720572,3721.828754,6170.493038,6339.893076,4959.05809,4654.814479,4328.444644,3319.343296,3240.637086,3030.657118,1061.458236,653.6407092,656.0169721,1343.396034,5067.557928,7222.577563,8044.993733,7259.462918,4200.82529,3450.219134,5997.057907,6803.115373,5065.197578,4581.285271,3514.055754,2674.093474,2179.650285,1703.813614,619.878125,287.2027927,317.8521265,113662.2047,119376.8133,142991.4419,41691.69546,9086.62877,1852.053185,57842.97143,16383.73063,3293.892086,56791.84985,56870.35482,40867.7365,39046.18201,52398.41533,48653.70964,19082.28901,21412.85479,3165.781463,3650.098777,645.2553297,743.9142029,26694.53131,29719.71872,5857.183699,6689.477214,1177.566421,1344.896139
Kenya,KEN_1_4,Central,KEN_2_22,Kiambu,KEN_3_111,Gatundu South Sub County,EcRytSSIkUq,1349.793507,5098.809031,7007.294953,7161.837754,5777.650755,4371.923982,4455.143917,4881.32135,4669.858193,4188.33797,3276.94681,2628.114834,2188.803832,1871.584877,1779.104963,1032.117391,610.5126221,605.4443027,1462.448904,5516.649466,7511.132518,7741.349666,6739.930968,5141.091487,4322.623864,4741.244898,4559.196747,3984.345927,3221.9625,2176.846188,1921.904548,1492.394075,1242.167545,776.2981921,443.9020035,369.41801,1353.977867,5114.615339,7199.995564,7430.40667,6073.466474,4132.77974,4586.570663,5478.795083,4953.785571,4418.696558,3777.336588,2962.411041,2426.726808,2249.270705,1959.862028,993.7226244,685.3614696,605.6864805,1472.832291,5555.817677,7666.612961,8049.455383,6981.89449,4804.349995,4433.283035,5357.13261,5023.322976,4186.7507,3740.376267,2419.346854,2077.386626,1696.255106,1303.033754,705.5774268,425.7908017,363.9875653,1367.382248,5165.250031,7546.315351,8375.554398,7129.034947,4258.416244,4134.334795,6846.850216,7029.421725,5494.207301,5155.686709,4790.811136,3674.549733,3586.237212,3353.127943,1174.182653,723.1934227,725.8546782,1496.986741,5646.933087,8041.510335,8954.214168,8080.146493,4687.60429,3854.29627,6693.201483,7589.236352,5646.670669,5103.369378,3912.083862,2974.60991,2423.778921,1894.480776,689.066915,319.2579431,353.3591284,126319.5086,132666.6738,158891.2175,46333.10615,10098.21574,2058.23668,64274.7568,18205.50147,3660.152781,62954.60104,63364.90751,45304.47183,43518.48821,58075.90871,54221.16239,21206.66269,23796.68332,3518.218365,4056.453264,717.0896593,826.7319272,29662.80026,33024.37004,6508.466776,7433.306251,1308.504619,1494.440381
Kenya,KEN_1_4,Central,KEN_2_22,Kiambu,KEN_3_115,Ruiru Sub County,TPRNJqSm4lK,4808.965785,18165.83244,18561.0449,16819.48426,19070.52457,28431.53064,25211.05774,20634.0595,15274.78018,10301.86205,6611.41971,3696.127114,2616.781677,1608.599837,1058.449594,504.4889483,347.5857199,385.6177475,4495.098469,16956.4426,16956.78097,14668.08223,13116.80966,23623.87216,24943.35193,22829.50725,18945.30572,13817.98543,8943.45856,4795.924522,2724.705302,1375.93545,783.5408589,382.1186817,203.2146093,173.438484,4823.873579,18222.14652,19071.47363,17450.21492,20046.93543,26876.32591,25954.78394,23159.66838,16203.48682,10868.46446,7620.9835,4166.274483,2901.225845,1933.215284,1165.988073,485.7219594,390.1997292,385.7719946,4527.013668,17076.83334,17307.78634,15251.8719,13587.70313,22076.50853,25581.90174,25795.06025,20873.93784,14519.93909,10382.46104,5330.190514,2945.133961,1563.888233,821.934361,347.3076698,194.9234532,170.8889383,4871.629928,18402.54577,19988.81152,19669.88226,23531.09281,27693.36622,23395.64224,28942.63757,22992.7478,13513.84871,10401.88038,6737.699094,4393.036174,3082.31845,1994.888994,573.9290672,411.7387542,462.3091583,4601.256692,17356.89341,18154.13709,16966.18231,15725.04883,21540.04938,22240.90537,32228.34827,31536.34529,19583.04185,14165.82985,8618.918061,4217.137319,2234.639896,1195.010367,339.1806703,146.1536052,165.8989813,383843.7853,400082.0385,462074.9821,139726.4515,30453.12454,6207.011173,186918.8088,52943.81213,10644.16938,194108.2124,189735.5729,142159.0458,144191.7787,168127.1354,173936.5077,63952.79684,71763.50548,10609.86859,12233.02013,2162.522693,2493.170178,86263.03027,96038.88397,18927.41284,21616.95849,3805.290552,4346.014356
Kenya,KEN_1_4,Central,KEN_2_22,Kiambu,KEN_3_118,Kiambaa Sub County,oMaQgNIs85x,2855.574569,10786.91294,11218.059,11017.86388,11684.41755,14189.17011,13834.74974,12632.14247,9970.76407,7579.719813,5151.088045,3389.147833,2776.978027,2131.882394,1709.627244,1025.779546,575.9827372,581.7477606,2746.215071,10359.31175,10762.88871,9836.176593,9373.144142,12952.8054,14060.22051,13585.00287,11993.62129,9295.573022,6213.927381,3453.446294,2490.193379,1713.993556,1275.078187,659.9728268,349.3876357,299.6376044,2864.42685,10820.35237,11526.55562,11431.03377,12282.65973,13413.0225,14242.87486,14178.31671,10576.98653,7996.604403,5937.659189,3820.247437,3078.835539,2562.096261,1883.325372,987.6205471,646.5982208,581.9804597,2765.713198,10432.86286,10985.68051,10227.65642,9709.640017,12104.39665,14420.16216,15349.69474,13214.57193,9767.788131,7213.748297,3838.160211,2691.650024,1948.125075,1337.557019,599.8493023,335.1326201,295.2329317,2892.784676,10927.47386,12080.98294,12885.06127,14417.386,13820.77838,12838.5274,17718.64239,15008.74388,9942.977915,8104.311028,6178.104155,4661.972773,4085.006278,3222.181378,1166.972439,682.2904425,697.4453829,2811.070894,10603.96181,11522.88028,11377.245,11236.96639,11810.25981,12536.88898,19177.90861,19964.57528,13173.81585,9842.438176,6206.305061,3854.173669,2783.67592,1944.674149,585.8128286,251.2824386,286.6121301,244532.2039,256068.8185,301302.1899,89430.62647,19491.24147,3972.740249,121882.9164,34522.72283,6940.673411,123111.6077,121420.5962,92188.82775,92825.70911,112545.3398,113655.3893,40932.39773,45931.56975,6790.748528,7829.631698,1384.102703,1595.730576,56248.96593,62623.44245,12341.87341,14095.62773,2481.290744,2833.876954
Kenya,KEN_1_4,Central,KEN_2_22,Kiambu,KEN_3_117,Kiambu Town Sub County,SBz4c48i24Y,1825.974295,6897.605093,7144.461566,6984.483469,7455.558927,9115.70439,8828.935175,7957.429046,6220.274691,4693.231197,3173.383677,2074.149235,1696.454659,1302.454806,1046.702558,628.5159597,352.1885956,359.6224191,1670.005032,6299.616809,6510.12549,5920.457027,5653.823426,7897.437427,8573.308123,8236.357579,7192.257755,5539.785496,3672.903266,2021.950342,1444.609546,990.5663494,732.3249224,380.0351674,200.1881461,175.3072348,1831.634815,6918.987669,7340.934259,7246.401599,7837.283544,8617.07536,9089.388762,8931.418361,6598.467392,4951.358913,3657.959364,2337.981017,1880.85928,1565.290186,1153.047537,605.135166,395.3669174,359.7662681,1681.862067,6344.344088,6644.885088,6156.091217,5856.795687,7380.155275,8792.784811,9306.260429,7924.429594,5821.206599,4263.873402,2247.19561,1561.478458,1125.877713,768.2088436,345.4139637,192.0204697,172.7302185,1849.768,6987.485647,7694.033197,8168.143882,9199.403423,8879.03445,8193.17503,11161.59353,9363.225229,6156.519672,4992.748736,3780.982901,2847.997122,2495.698672,1972.749032,715.0277121,417.1911713,431.1438957,1709.444605,6448.391331,6969.819968,6848.035869,6778.069648,7200.817502,7644.447114,11627.24178,11972.22823,7851.06134,5817.628869,3633.715302,2235.881005,1608.766664,1116.898838,337.3312769,143.9769482,167.6864961,150868.1889,157903.9699,185417.3641,55147.09303,12019.20806,2449.776824,75005.12724,21244.82491,4271.198193,77757.12976,73111.05914,57980.39807,55758.43107,70606.49057,68135.75101,25240.82448,28323.54698,4187.492088,4828.115878,853.5022456,984.0018571,34614.86622,38537.63438,7595.024905,8674.26201,1526.953354,1743.930222
Kenya,KEN_1_4,Central,KEN_2_22,Kiambu,KEN_3_114,Thika Town Sub County,YZAZ1a9MIvX,3531.961103,13341.95036,13910.98622,12718.84128,14575.61389,20824.71501,17932.03678,15335.62986,11756.91116,8350.907458,5690.38498,3538.716298,2333.908761,1383.232272,969.3844299,520.2456027,253.8214168,299.7523334,3328.460521,12555.66751,12923.6355,11317.35822,10462.04348,18357.95243,18766.43504,17118.18967,14255.00965,10941.97138,7549.095201,4374.542214,2522.728226,1346.955011,818.4677092,354.2616397,189.06401,149.3192042,3542.910182,13383.31041,14293.53834,13195.79783,15321.88532,19685.6031,18461.03187,17212.71096,12471.73136,8810.207369,6559.306767,3988.841011,2587.604644,1662.368544,1067.873888,500.8924662,284.9399225,299.8722344,3352.09259,12644.81275,13191.15475,11767.78907,10837.63084,17155.50654,19246.85578,19341.84251,15706.16964,11497.82352,8763.744619,4861.866217,2726.81694,1530.949066,858.572627,321.9884043,181.3501984,147.1242119,3577.984993,13515.80518,14981.05753,14874.30331,17984.82899,20284.04543,16640.77413,21510.72489,17697.3868,10954.61184,8952.797806,6450.753683,3918.150951,2650.480407,1827.025435,591.8545381,300.6686062,359.3668857,3407.066909,12852.18768,13836.20222,13090.48856,12542.39017,16738.62774,16733.21642,24165.69803,23728.88109,15507.11458,11957.25316,7861.637673,3904.529176,2187.57312,1248.278742,314.4538757,135.9763788,142.8281849,294600.1558,307464.5165,357427.0251,107380.2913,23403.33809,4770.110891,144586.5636,40953.41665,8233.542048,147268.9992,147331.1566,108914.8695,113178.2411,130123.4704,137168.4583,49147.95934,55150.51763,8153.722992,9401.120912,1661.906635,1916.010442,66726.69908,74288.57635,14640.84645,16721.28002,2943.491282,3361.755218
Kenya,KEN_1_4,Central,KEN_2_22,Kiambu,KEN_3_119,Kabete Sub County,lb5LzWiUX8Y,2327.61254,8792.505563,9643.350367,9339.785597,9945.434599,11698.53428,11163.62387,10374.88803,8465.2087,6781.369486,4503.223814,2998.879988,2483.138237,1975.491898,1531.534836,851.5462029,516.90197,495.1665211,2362.369044,8911.343888,9403.138029,8760.634984,8423.920881,10678.13351,11267.6035,10800.94505,9602.853001,7703.73054,5346.658027,3085.070353,2225.50343,1617.281921,1202.470066,629.7779049,334.4443503,278.1564206,2334.828139,8819.762331,9908.542502,9690.027556,10454.64085,11058.62446,11492.95078,11644.77432,8979.893389,7154.344808,5190.86609,3380.337523,2753.055363,2374.146163,1687.138776,819.8686841,580.2741515,495.3645877,2379.141864,8974.614429,9597.782987,9109.308257,8726.339641,9978.715767,11556.05415,12203.98781,10580.42344,8095.080051,6206.935304,3428.747191,2405.546657,1838.202632,1261.3911,572.4051378,320.7990208,274.0675213,2357.942937,8907.077978,10385.1434,10922.59906,12271.65743,11394.80664,10359.74583,14552.47447,12742.46872,8895.712334,7085.013127,5466.681842,4168.676431,3785.338642,2886.525731,968.7568372,612.3052847,593.6449219,2418.159791,9121.798106,10067.11457,10133.1945,10098.99287,9736.232974,10046.83348,15247.66238,15984.90373,10917.83447,8468.742529,5544.284207,3444.502258,2626.607741,1833.93652,559.0108576,240.5351058,266.0647496,206522.2314,216328.9834,255112.9824,75551.70765,16466.3565,3356.202699,103198.4345,29230.43735,5876.677812,103888.1965,102634.0349,78066.27994,77448.69543,95783.80824,95016.14386,34580.01659,38803.35705,5736.878604,6614.535405,1169.30102,1348.085938,47626.07754,53023.35566,10449.88135,11934.78757,2100.912318,2399.447551
Kenya,KEN_1_4,Central,KEN_2_22,Kiambu,KEN_3_121,Limuru Sub County,xhVi71INcFs,1983.61621,7493.110485,8673.067955,8775.187428,7945.542281,7599.846846,7154.377718,7125.357504,6337.564067,4791.882163,3763.232944,2477.422064,2112.82417,1751.77134,1474.592781,851.2310277,510.5145186,452.2588555,2013.402897,7594.956727,8886.978101,8564.264927,7549.9227,7996.147997,7732.060743,7662.422061,7396.550842,5760.420872,4244.705421,2671.616847,1876.016631,1376.535035,1054.200332,584.242722,336.1134516,265.7108171,1989.76542,7516.339128,8911.577324,9104.256957,8352.354046,7184.135224,7365.431861,7997.501262,6722.887963,5055.435682,4337.878614,2792.55015,2342.488157,2105.278797,1624.411408,819.5652335,573.1035986,452.439759,2027.698058,7648.88092,9070.938548,8905.122671,7820.964925,7472.400303,7930.001498,8657.770687,8149.519717,6053.050253,4927.678524,2969.234963,2027.786377,1564.569721,1105.856148,531.0182101,322.4000228,261.8048681,2009.464098,7590.750885,9340.224193,10262.31844,9803.993179,7402.532934,6639.20028,9994.477327,9539.778019,6285.928727,5920.770521,4516.112103,3546.995568,3356.656514,2779.205478,968.3982799,604.7389172,542.2038072,2060.952306,7774.322567,9514.507443,9906.058459,9051.202708,7290.820976,6894.343303,10817.0187,12312.29439,8163.748876,6723.324578,4801.252936,2903.587313,2235.613674,1607.804254,518.592384,241.7355371,254.1601659,164839.6695,172694.097,204175.0898,60312.46356,13144.99112,2679.235973,82593.01208,23394.05511,4703.293453,81273.40036,83566.26913,57725.46175,59794.05622,71900.99165,73815.49979,27605.01457,30976.48128,4579.714906,5280.342933,933.445813,1076.168713,38116.67508,42436.28961,8363.374703,9551.792703,1681.42741,1920.354717
Kenya,KEN_1_4,Central,KEN_2_22,Kiambu,KEN_3_116,Githunguri Sub County,E7tkGikenbD,1811.595446,6843.275837,8668.411677,9271.913423,7589.106848,6523.069241,6714.635186,7177.763925,6622.738275,5463.539583,4472.22954,3245.9214,2976.306597,2396.939914,2283.161347,1250.00504,772.515504,769.7260876,1913.806154,7219.257018,9061.973558,9253.419957,8222.725845,8004.686138,7069.46598,7111.536093,6919.751785,5931.568642,4599.586657,3027.732916,2350.858164,1833.145747,1631.924874,935.4189127,542.1621474,464.5647145,1817.211392,6864.489992,8906.792998,9619.610176,7977.669119,6166.257353,6912.716924,8056.322229,7025.400762,5764.03426,5155.138991,3658.802602,3299.831124,2880.642389,2515.13054,1203.504852,867.2259048,770.0339781,1927.394178,7270.513742,9249.55641,9621.706071,8517.921702,7480.379195,7250.444309,8035.324631,7624.182516,6232.892329,5339.66015,3365.022363,2541.042589,2083.553456,1711.889193,850.2022497,520.0419318,457.7356132,1835.201785,6932.448443,9335.209742,10843.22459,9364.188012,6353.711577,6231.123035,10067.98589,9969.043682,7167.000198,7036.249208,5917.015568,4996.604289,4592.896224,4303.136841,1422.061333,915.0967747,922.8087193,1959.003442,7389.750168,9701.859719,10703.18583,9857.790786,7298.605981,6303.536282,10039.33459,11518.61495,8406.301884,7285.432308,5441.241161,3638.518883,2977.189534,2488.915697,830.3075171,389.9274404,444.3697332,170946.4402,179540.2782,214878.8918,62703.4547,13666.10327,2785.449997,86922.91955,24620.47962,4949.861837,84852.85487,86093.5853,62252.71103,62010.29223,79258.92135,76920.08675,28699.37121,32204.49433,4761.270378,5489.673682,970.450779,1118.8317,40114.92737,44660.99607,8801.821464,10052.54183,1769.575607,2021.028588
Kenya,KEN_1_8,Nairobi,KEN_2_47,Nairobi,KEN_3_278,Kibra  Sub County,LO5he3DtiFG,2302.532181,8697.786075,8733.451396,7781.682333,9759.309718,14111.43353,12089.35438,9824.483768,7416.757114,4959.797888,3213.292307,1985.71296,1296.616803,828.2000246,510.4371739,264.0611632,145.6522159,153.9057895,2112.742525,7969.697775,7704.280898,6608.875117,6854.053187,12413.7223,12930.9942,11526.99,9821.562806,7383.968993,4923.263704,2894.180486,1683.495084,897.9161115,547.4755949,228.1533792,117.1921495,93.40872814,2265.23116,8556.88194,8854.846371,7882.066035,10289.24024,13896.93974,11747.22565,10058.30648,7771.278104,5201.340046,3515.020455,2108.430021,1994.066982,948.0405682,686.4359115,293.5832012,193.0620121,163.0477934,2105.136652,7941.006863,7775.160283,6721.886881,7116.563424,12040.06926,12575.39186,11873.9524,10376.4811,7901.585219,5527.34816,3217.171028,2564.299713,1046.251853,723.2152609,237.8042671,146.607379,93.40872814,2141.776062,8090.531874,8669.780082,8314.79146,11446.77976,15431.16188,10821.54427,9688.160803,8814.183625,6244.208725,4463.021471,2838.79018,3527.305084,2657.357713,1296.608793,631.6442575,339.2871801,270.7571657,2029.983273,7657.512918,7814.8136,7052.603716,7836.047986,12583.07639,11141.79719,11549.7935,12060.58399,9914.118975,7566.386896,4836.373207,4978.587892,2930.760691,1399.276887,458.5341878,213.4603439,128.4183194,190786.4399,196408.383,217839.8203,68594.54753,14950.05617,3047.147612,88120.67588,24959.73807,5018.068569,94074.46682,96711.97304,68866.0172,75440.14966,78470.81091,87597.21644,31395.7244,35230.15961,5208.599571,6005.437565,1061.626228,1223.947781,40667.69192,45276.40327,8923.10636,10191.06105,1793.959514,2048.877397
Kenya,KEN_1_8,Nairobi,KEN_2_47,Nairobi,KEN_3_279,Roysambu  Sub County,j7GpbairCOi,5309.559524,20056.7852,19488.38543,17354.24808,23267.17786,34871.87204,29282.34115,21633.71329,15346.35601,9886.376086,6230.647242,3831.555326,2365.242396,1540.333384,955.7580487,557.2586558,252.0158172,297.0281383,4591.717243,17320.91608,16323.04039,13655.21253,14809.56868,28150.94295,29012.11623,25038.52352,19764.55153,14593.29977,9371.175007,5413.224271,2938.132615,1602.034509,893.2702742,432.3864182,186.2459764,173.0319116,5223.544659,19731.86528,19759.27399,17578.11788,24530.58562,34341.81959,28453.65089,22148.59566,16079.91183,10367.8426,6815.705018,4068.345445,3637.50628,1763.219625,1285.303424,619.5601735,334.0469657,314.6716098,4575.187061,17258.56078,16473.21236,13888.71667,15376.77516,27303.59957,28214.28303,25792.18308,20881.24869,15616.29008,10521.01818,6017.3401,4475.3636,1866.69061,1180.010032,450.6763637,232.9937165,173.0319116,4938.861475,18656.47862,19346.30516,18543.15655,27290.2765,38133.15647,26211.5032,21333.52734,18237.836,12446.59504,8653.900661,5477.620308,6434.384859,4942.304609,2427.809637,1332.983713,587.0541376,522.5436752,4411.852883,16642.43016,16557.22574,14572.04153,16931.36713,28534.99191,24997.85477,25088.05648,24270.27535,19593.75916,14402.22179,9045.867373,8688.918429,5228.973737,2283.08341,868.9941645,339.2388513,237.884272,416796.0436,427350.7475,468211.3351,149249.8981,32528.74232,6630.067361,189401.0895,53646.90564,10785.52388,212526.6537,204269.3899,154760.7647,158101.5041,174031.4962,180511.4868,68311.67838,76654.74769,11333.01382,13066.79579,2309.915468,2663.099157,87408.60279,97314.27977,19178.76877,21904.03157,3855.824787,4403.7294
Kenya,KEN_1_8,Nairobi,KEN_2_47,Nairobi,KEN_3_281,Ruaraka  Sub County,Cc8uEFkzfVf,7197.330841,27187.81522,26334.12628,23218.3861,31189.30309,47292.39418,40072.83503,29508.49338,20723.14627,13199.48472,8256.75003,5043.390917,3129.796377,1998.558647,1222.055734,712.0552903,323.1577022,380.6650067,6228.928198,23496.81678,22023.80032,18227.95474,19537.45961,37697.87432,39553.19691,34308.10944,27011.49094,19677.81336,12510.39405,7155.1452,3852.411846,2101.104198,1158.656539,546.8896803,238.4247113,220.2536026,7080.734081,26747.37261,26700.17063,23517.90328,32882.88225,46573.54979,38938.7738,30210.79552,21713.71266,13842.29963,9032.058858,5355.072476,4813.313848,2287.750083,1643.420551,791.6630718,428.3455342,403.2765081,6206.504057,23412.22824,22226.41929,18539.65276,20285.74432,36563.1683,38465.484,35340.78354,28537.64018,21057.22808,14045.4194,7953.659404,5867.993723,2448.206612,1530.585288,570.0231137,298.2693139,220.2536026,6694.834074,25289.64081,26142.13706,24809.03617,36582.2065,51715.26968,35870.39843,29099.03825,24627.6929,16617.68071,11468.00513,7210.069581,8514.270865,6412.563483,3104.257078,1703.263099,752.7744419,669.6809694,5984.931862,22576.41169,22339.77402,19451.80368,22336.63307,38212.16719,34080.41882,34375.98015,33169.29918,26420.50407,19226.77462,11956.73618,11392.70981,6857.916362,2961.376415,1099.118568,434.280121,302.8046528,562536.4693,576532.3584,630462.4597,201350.7552,43884.02883,8944.522489,255034.9976,72237.37989,14523.0741,286989.7448,275546.7245,208916.9146,213184.4589,234347.1711,242826.7192,92158.24068,103413.7479,15289.19564,17628.21438,3116.271635,3592.746348,117698.6514,131036.9818,25824.86331,29494.52221,5191.998991,5929.771156
Kenya,KEN_1_8,Nairobi,KEN_2_47,Nairobi,KEN_3_280,Kasarani  Sub County,FoqzDgIByL6,6022.712032,22750.7134,21971.16444,18982.3244,25315.69194,39307.51465,34079.14604,25075.27966,17282.59364,10770.45441,6650.137768,3990.046692,2545.076615,1545.710025,921.261266,532.3163556,253.0023054,297.2492299,5222.538877,19700.50182,18331.21939,14861.30539,15310.89367,30395.7106,33240.87624,29241.4104,22960.18606,16225.80943,10096.44407,5629.36288,2989.197322,1630.899075,879.0049685,392.0796401,180.1578913,164.0782953,5925.144097,22382.15184,22276.56363,19227.19638,26690.33402,38710.04043,33114.70621,25672.07132,18108.70161,11294.97554,7274.585704,4236.631577,3914.073325,1769.374266,1238.912151,591.8293241,335.3545557,314.9058342,5203.737737,19629.58001,18499.86661,15115.43371,15897.3009,29480.79971,32326.75214,30121.57685,24257.43657,17363.23867,11335.27776,6257.599778,4553.145361,1900.323603,1161.165563,408.6646089,225.3775221,164.0782953,5602.223744,21162.32456,21810.98345,20282.76947,29692.99659,42983.62889,30505.26736,24727.33909,20538.88937,13559.61814,9236.541469,5704.200756,6923.604305,4959.556067,2340.181161,1273.320791,589.3520963,522.9326283,5017.964299,18928.804,18594.21593,15859.11305,17504.51802,30810.38378,28641.5024,29299.2578,28194.41853,21785.65556,15516.86173,9407.049746,8839.931719,5323.186476,2246.623132,787.9870988,328.1496721,225.5748404,465744.0709,476978.9072,519726.9277,166582.26,36306.29888,7400.015801,210240.2034,59549.47982,11972.2159,238292.3949,227451.676,173266.4959,175452.7373,193557.4287,198911.1005,76244.70039,85556.64872,12649.11453,14584.24026,2578.165505,2972.364347,97025.85388,108021.4165,21288.93903,24314.05261,4280.067184,4888.255752
Kenya,KEN_1_8,Nairobi,KEN_2_47,Nairobi,KEN_3_276,Dagoretti South Sub County,sqNWYDHZZ6W,2396.930356,9054.374029,9092.023368,8101.657765,10159.4849,14688.36007,12584.33549,10227.57881,7721.481363,5164.299021,3345.855178,2067.774659,1350.535782,862.8888729,532.016271,275.2624664,151.8606809,160.4326093,2176.729156,8211.068405,7938.076373,6809.840084,7062.095735,12787.84819,13320.78093,11874.89724,10118.24531,7607.313305,5072.310307,2981.771011,1734.700261,925.479883,564.4095511,235.285866,120.8622318,96.33989242,2358.100084,8907.693169,9218.402493,8206.16915,10711.14493,14465.09699,12228.19879,10470.99519,8090.568172,5415.800384,3660.030979,2195.563133,2076.98898,987.7488929,715.4554813,306.0368101,201.2913325,169.9623062,2168.892931,8181.508559,8011.106676,6926.28835,7332.574001,12402.93396,12954.45945,12232.33165,10689.92617,8140.585967,5694.682781,3314.536656,2642.295438,1078.36916,745.5850171,245.2384582,151.198652,96.33989242,2229.583629,8422.223892,9025.737881,8656.687836,11916.14874,16062.0437,11264.61673,10085.66257,9176.322421,6501.66836,4647.141334,2956.106202,3673.985806,2768.660147,1351.423859,658.438197,353.7493877,282.2394057,2091.463454,7889.428704,8051.96332,7267.061737,8073.897233,12962.30628,11477.65108,11898.38899,12424.90118,10213.99321,7795.451259,4982.742955,5130.016593,3020.72769,1442.557891,472.868795,220.1452373,132.4480841,197575.2054,203394.101,225580.4538,71034.27112,15481.78947,3155.526458,91251.92089,25846.64747,5196.37862,97937.15169,99638.05373,71694.88238,77721.05725,81698.20685,90248.09649,32512.38589,36483.20165,5393.855451,6219.034829,1099.385418,1267.480312,42112.76149,46885.23695,9240.176469,10553.18616,1857.705357,2121.681391
Kenya,KEN_1_8,Nairobi,KEN_2_47,Nairobi,KEN_3_275,Dagoretti North Sub County,CcTr4bcVGAG,2705.511234,10220.02266,10438.74109,9637.458159,12118.33717,17542.3106,15341.35464,13238.1853,10684.95104,7651.676954,5198.329766,3478.972518,2399.931831,1621.882239,1053.393197,586.7151582,319.8130809,274.1072291,2445.507477,9224.957807,9171.518714,8124.43035,8577.68542,15287.24175,15647.83217,14177.637,12812.39292,10112.05061,7142.502098,4492.668428,2837.32452,1676.976679,1133.846058,517.9602504,273.8125158,170.9421789,2661.681952,10054.45829,10583.83959,9761.781369,12776.36287,17275.66748,14907.1943,13553.25411,11195.6917,8024.313622,5686.452931,3693.97302,3690.855163,1856.568599,1416.603171,652.3099129,423.9122387,290.3891985,2436.70365,9191.747959,9255.896687,8263.358109,8906.210772,14827.09577,15217.51678,14604.38387,13536.29312,10820.90536,8018.887105,4994.050225,4321.812709,1954.013226,1497.810643,539.869969,342.5394572,170.9421789,2516.620285,9506.490312,10362.63735,10297.70317,14213.7037,19182.90117,13732.50739,13054.49436,12698.15352,9633.188503,7220.089286,4973.565274,6528.753698,5203.961782,2675.82173,1403.444778,744.9833684,482.220303,2349.71333,8863.602557,9303.10176,8669.915328,9806.628681,15495.79779,13482.71987,14205.68419,15733.23349,13576.98995,10977.05456,7507.555703,8390.799375,5473.581849,2897.964032,1040.977274,498.7374497,235.0113075,248338.9808,257405.3471,292940.3085,89897.40175,19592.97429,3993.475618,118500.3639,33564.63184,6748.052548,124511.6939,123827.2869,95443.54833,99752.33119,111747.7889,119322.7355,41146.04078,46171.30554,6826.192242,7870.497772,1391.326905,1604.059351,54687.91792,60885.48695,11999.35588,13704.43918,2412.428786,2755.229855
Kenya,KEN_1_8,Nairobi,KEN_2_47,Nairobi,KEN_3_282,Embakasi South Sub County,aDp1odOWYC1,1968.564534,7436.227809,7127.900073,5970.985085,7946.825898,12820.14608,11433.3875,8378.518065,5622.839294,3391.096165,2039.108838,1180.393198,771.9868043,431.8344181,240.4728517,134.2615964,68.12818898,78.71059073,1787.593888,6743.173359,6188.649528,4854.390522,4735.75852,9924.580035,11488.06871,10275.77101,8032.145609,5456.358569,3286.976267,1757.588893,905.2954836,489.9558675,251.6455615,97.27616723,48.7133331,42.27078019,1936.673789,7315.760919,7226.977884,6048.010792,8378.338544,12625.27986,11109.82263,8577.926795,5891.611012,3556.242548,2230.581158,1253.341497,1187.238506,494.3208584,323.387891,149.2720428,90.30391449,83.38599982,1781.15855,6718.897935,6245.585104,4937.4006,4917.138071,9625.850176,11172.14682,10585.07172,8485.961836,5838.849305,3690.288255,1953.735813,1378.946081,570.8965768,332.4237867,101.3909491,60.9403797,42.27078019,1831.125067,6917.051949,7075.934047,6380.046585,9320.90163,14019.11076,10234.36861,8262.259089,6682.26521,4269.269179,2832.168896,1687.498992,2100.106194,1385.581366,610.8473873,321.1588002,158.7000993,138.4707913,1717.57119,6479.033278,6277.437588,5180.320709,5414.26073,10059.97602,9898.52208,10296.09926,9863.233442,7326.004223,5051.635593,2937.051048,2677.223815,1599.195491,643.1735425,195.5020281,88.72919285,58.11386861,153407.5991,156917.4294,169989.9478,54802.54917,11944.11536,2434.471293,68764.42087,19477.17623,3915.818571,77041.38699,76366.2121,55951.05327,58755.91055,62022.70701,66108.72034,25083.12675,28146.58925,4161.32979,4797.951139,848.1697985,977.8540842,31734.78023,35331.15944,6963.090502,7952.531055,1399.905139,1598.828722
Kenya,KEN_1_8,Nairobi,KEN_2_47,Nairobi,KEN_3_284,Embakasi Central Sub County,XvpLXU47BKs,2740.907495,10353.74418,9921.90141,8308.529228,11061.86429,17855.81323,15927.26749,11665.77829,7823.904825,4715.547265,2834.013572,1639.703876,1072.314684,599.1860256,333.3198888,186.2012471,94.4115552,109.1528201,2489.09236,9389.371038,8614.769699,6753.948401,6586.561611,13815.56378,16000.59285,14312.29333,11182.56302,7592.308655,4570.85645,2442.502505,1256.896112,680.2898722,348.8786777,134.7312293,67.4511299,58.56955383,2696.504794,10186.01353,10059.81584,8415.709255,11662.52352,17584.40487,15476.52582,11943.42381,8197.887476,4945.194416,3100.127447,1741.037575,1649.112753,685.8882436,448.2485864,207.0185466,125.1425164,115.6364977,2480.131627,9355.569302,8694.025581,6869.440919,6838.82692,13399.71531,15560.57655,14743.09336,11814.37783,8124.529491,5131.700536,2715.085784,1914.504157,792.673759,460.8687332,140.4303603,84.3813635,58.56955383,2549.545283,9630.875791,9849.565689,8877.731693,12974.55742,19525.72317,14256.97558,11503.90582,9298.043975,5936.705897,3936.231819,2344.132991,2917.115549,1922.544747,846.6967549,445.4004029,219.9254583,192.025968,2391.590928,9021.575478,8738.365111,7207.417412,7530.232322,14004.04247,13786.67082,14340.60691,13731.85135,10193.84715,7024.784864,4081.58846,3717.009821,2220.437734,891.6888251,270.7778207,122.8592653,80.5214226,213540.8017,218418.7166,236583.5722,76281.53548,16625.42114,3388.623543,95702.90799,27107.36717,5449.841933,107243.5614,106297.2403,77882.17208,81779.33371,86319.98555,91996.91925,34914.05879,39178.19662,5792.296725,6678.431671,1180.596442,1361.108418,44166.89204,49172.15412,9690.883762,11067.93801,1948.318491,2225.170461
Kenya,KEN_1_8,Nairobi,KEN_2_47,Nairobi,KEN_3_285,Embakasi East Sub County,gD4xxgDGJ4Y,3373.56215,12743.58895,12214.85209,10231.58883,13616.09089,21969.01856,19596.16694,14355.94157,9630.368829,5806.026205,3491.279263,2021.318454,1322.890779,739.7289491,412.2245942,230.5709023,116.9570344,135.3277661,3063.671381,11556.80166,10606.33544,8318.513888,8112.272104,17001.40801,19686.45915,17609.717,13760.22088,9343.453522,5626.543545,3007.787582,1548.767449,838.6844474,430.4737457,166.7192183,83.48918138,72.60730142,3318.910443,12537.14281,12384.63854,10363.57633,14355.44463,21635.08947,19041.59541,14697.61298,10090.70046,6088.779681,3819.110386,2146.235934,2034.473729,846.767728,554.3596342,256.3487291,155.0265491,143.3662354,3052.642164,11515.19718,10703.91372,8460.760475,8422.972126,16489.66563,19145.08152,18139.76948,14537.67336,9998.429614,6316.920438,3343.456676,2359.082578,977.2351181,568.6558181,173.7714413,104.4449659,72.60730142,3138.029824,11853.86852,12125.79959,10932.53667,15970.43215,24023.60335,17541.11769,14156.74083,11444.87246,7309.580007,4849.124457,2889.692062,3598.780579,2373.489942,1047.129913,551.5342907,272.4436574,238.0739706,2943.662839,11104.10464,10758.50368,8877.029891,9274.534608,17233.34955,16962.54223,17644.55377,16897.13775,12545.02964,8647.232387,5026.218422,4580.158825,2737.431013,1100.235277,335.0660931,152.0718704,99.82051799,262841.4283,268851.4593,291235.533,93894.89347,20464.2203,4171.054562,117810.7472,33369.30139,6708.782039,132007.5028,130833.9255,95864.91156,100649.7661,106266.6154,113235.3819,42975.69274,48224.41729,7129.734351,8220.477293,1453.195409,1675.387486,54369.65983,60531.16191,11929.52525,13624.68576,2398.389579,2739.195707
Kenya,KEN_1_8,Nairobi,KEN_2_47,Nairobi,KEN_3_283,Embakasi North Sub County,SSz1iOv28Jk,2525.65728,9540.637859,9166.343662,7774.183552,10373.77145,16487.69769,14528.85637,10654.80727,7224.518326,4414.112311,2680.16932,1573.139326,1014.581657,587.9812883,336.3861415,190.3917731,93.34190188,108.5106342,2291.35377,8643.461249,7971.407906,6334.268571,6332.481289,12993.35728,14686.46069,13042.39258,10208.48045,7048.915868,4302.189315,2340.354961,1219.34872,661.3775511,346.3286919,142.5084957,68.22822185,60.40952708,2484.741632,9386.079526,9293.755839,7874.47052,10937.06724,16237.08468,14117.68973,10908.39169,7569.850302,4629.07958,2931.837219,1670.359336,1560.325131,673.0621807,452.3720831,211.6775733,123.7246909,114.9561658,2283.104897,8612.344789,8044.744859,6442.584564,6575.015323,12602.25723,14282.58303,13434.96859,10785.2596,7543.04487,4830.067945,2601.538575,1857.311971,770.6371225,457.5002019,148.536605,85.35350553,60.40952708,2349.323213,8874.538192,9099.516342,8306.778951,12167.48731,18029.65883,13005.21578,10506.96287,8585.724212,5557.210036,3722.553717,2248.97181,2760.059123,1886.593293,854.4856277,455.424299,217.4337719,190.896209,2201.598052,8304.88408,8085.773058,6759.559725,7239.749372,13170.61903,12654.36856,13068.19395,12535.70723,9464.258398,6611.880009,3910.89294,3605.971192,2158.708708,885.1713907,286.4082818,124.2747041,83.05101783,197968.413,202593.7883,219969.9033,70754.76631,15420.8719,3143.110129,88982.33812,25203.79957,5067.136285,99275.08782,98693.32514,72137.47761,76034.48409,80188.6769,85799.25478,32384.45654,36339.64797,5372.631772,6194.564244,1095.059569,1262.493046,41065.34904,45719.12533,9010.358345,10290.71136,1811.501222,2068.911745
Kenya,KEN_1_8,Nairobi,KEN_2_47,Nairobi,KEN_3_286,Embakasi West Sub County,aCwUX5V42Zz,2409.363737,9101.340914,8721.734879,7303.519011,9723.805733,15695.95125,14000.68471,10254.67054,6877.514775,4145.148272,2491.207541,1441.363039,942.6060636,526.707688,293.0010732,163.6780905,82.9914052,95.94954664,2188.008319,8253.619911,7572.715996,5936.981501,5789.842272,12144.41435,14065.13949,12581.05995,9829.904665,6673.93227,4017.959338,2147.054113,1104.860251,598.0010779,306.6778479,118.4339555,59.2921524,51.48489998,2370.332044,8953.899191,8842.966994,7397.734406,10251.80838,15457.37279,13604.46533,10498.7317,7206.259981,4347.016993,2725.131929,1530.439275,1449.633865,602.9222904,394.0278433,181.977301,110.0051076,101.6489497,2180.131489,8223.906879,7642.384983,6038.503885,6011.593231,11778.86748,13678.34816,12959.74986,10385.29428,7141.774922,4510.962948,2386.665351,1682.923134,696.790856,405.1214371,123.4437119,74.17448266,51.48489998,2241.148948,8465.911685,8658.148984,7803.870025,11405.13683,17163.86675,12532.43346,10112.37837,8173.340071,5218.5939,3460.100011,2060.58344,2564.257344,1689.99118,744.2791931,391.5241632,193.3229761,168.7982459,2102.300795,7930.313404,7681.361146,6335.598276,6619.365307,12310.0944,12119.01647,12605.94869,12070.82754,8960.784995,6175.05718,3587.874023,3267.395264,1951.850546,783.8289565,238.0241652,107.9980467,70.78144049,187710.6206,191998.4964,207966.1062,67054.41886,14614.38795,2978.731104,84126.55597,23828.4237,4790.621749,94271.23826,93439.38237,68461.44174,71887.19475,75878.60593,80868.84702,30690.80751,34439.14953,5091.652761,5870.599638,1037.789917,1196.466923,38824.40558,43224.22446,8518.661474,9729.145398,1712.647275,1956.01086
Kenya,KEN_1_8,Nairobi,KEN_2_47,Nairobi,KEN_3_287,Makadara  Sub County,wwROy3Qkwin,2435.106421,9198.582997,8837.195152,7492.896291,9997.926961,15895.83311,14011.16416,10274.86379,6965.174627,4254.360739,2582.587494,1515.388659,977.6319184,566.1227867,323.6913396,183.157539,89.85769522,104.4482007,2297.490982,8666.61197,7991.831629,6348.594403,6343.362267,13021.93895,14726.76915,13080.32736,10237.75866,7066.446025,4311.57875,2344.547889,1221.207387,662.3554474,346.687901,142.4727692,68.27237814,60.42466936,2395.657697,9049.565952,8960.032165,7589.554653,10540.8144,15654.21644,13614.64822,10519.40555,7298.109974,4461.548107,2825.092459,1609.039678,1503.500127,648.0407539,435.3001135,203.6345519,119.106375,110.6524239,2289.220014,8635.412167,8065.35648,6457.155367,6586.313042,12629.97858,14321.783,13474.04521,10816.19202,7561.803891,4840.609463,2606.199434,1860.143092,771.7765673,457.9747172,148.4993674,85.40874505,60.42466936,2265.094352,8556.364608,8772.767492,8006.221203,11726.65601,17382.44194,12541.81394,10132.29142,8277.516332,5356.088503,3587.019896,2166.411023,2659.541375,1816.458233,822.2383843,438.1197384,209.3175435,183.7494151,2207.49486,8327.127953,8106.489798,6774.847411,7252.189291,13199.59062,12689.09973,13106.20378,12571.65999,9487.795342,6626.310294,3917.899609,3611.467813,2161.90052,886.0894829,286.3364801,124.3551328,83.07183544,194644.6685,199206.2155,216320.0414,69571.67512,15163.01934,3090.554152,87505.8941,24785.60423,4983.059565,95705.98988,98938.67858,69543.10917,76221.1518,77299.66376,86003.96992,31842.9557,35732.01234,5282.795939,6090.98487,1076.749067,1241.382886,40383.97013,44960.52839,8860.853511,10119.96221,1781.443795,2034.58322
Kenya,KEN_1_8,Nairobi,KEN_2_47,Nairobi,KEN_3_290,Mathare  Sub County,gh2kzpOFCeF,2567.902253,9700.213206,9414.930329,8380.45762,11275.38657,16901.11703,14176.86479,10450.75937,7406.000656,4765.638928,3002.003911,1850.206296,1138.288415,742.3329474,459.8917394,269.4142652,120.4791611,142.2913797,2455.819693,9263.86469,8718.701897,7287.976071,7936.427956,15101.70651,15556.93242,13410.99656,10575.177,7810.038031,5014.316231,2900.730786,1572.919132,858.8685268,478.6507533,231.65412,99.32575577,92.47167691,2526.302236,9543.069752,9545.797861,8488.565523,11887.64006,16644.22005,13775.65951,10699.48744,7760.007488,4997.725544,3283.892079,1964.549045,1750.573754,849.7485249,618.4624112,299.5347801,159.695128,150.7434877,2446.978742,9230.514777,8798.913954,7412.600462,8240.393146,14647.14514,15129.11678,13814.66756,11172.6745,8357.521697,5629.572833,3224.452341,2395.870422,1000.753607,632.2976452,241.4530893,124.2565205,92.47167691,2388.618764,9022.972451,9346.290686,8954.58777,13224.99957,18481.74194,12690.13755,10305.74631,8801.400493,5999.769516,4169.557772,2645.068834,3096.589913,2381.845115,1168.213649,644.4490793,280.6482179,250.3246356,2359.621601,8900.9854,8843.788415,7777.300405,9073.496893,15307.73139,13404.39747,13437.52714,12985.99957,10486.18247,7706.322251,4847.319205,4651.582424,2803.311005,1223.369484,465.5698467,180.9174938,127.1300614,212130.7567,217537.3296,238435.5148,75973.7159,16558.33242,3374.949399,96452.05675,27319.55979,5492.502521,102764.1789,109366.5778,74841.93931,84702.64696,84140.49258,96700.8567,34773.16977,39020.10049,5768.923016,6651.482134,1175.832371,1355.615925,44512.62419,49557.06676,9766.742623,11154.57626,1963.569651,2242.588779
Kenya,KEN_1_8,Nairobi,KEN_2_47,Nairobi,KEN_3_277,Langata  Sub County,aTGYlhEw2Xx,2539.003258,9591.052652,9629.478329,8576.290587,10741.33786,15529.60124,13311.14557,10802.74881,8150.033665,5446.819831,3527.279747,2180.166383,1424.859098,911.4818031,562.3998671,291.9634855,160.7015037,170.2879099,2174.422896,8202.369117,7931.128431,6798.099434,7038.960055,12730.26084,13275.25117,11831.07009,10072.05784,7565.595541,5036.500669,2958.661885,1721.46449,919.633059,560.7484906,234.625854,120.5679071,96.3825353,2497.871405,9435.677599,9763.328077,8686.924735,11324.59251,15293.5513,12934.44015,11059.85423,8539.605274,5712.079957,3858.491315,2314.900665,2191.290807,1043.37322,756.3153412,324.6050032,213.0098431,180.4030117,2166.594974,8172.840588,8004.094812,6914.346935,7308.552225,12347.07999,12910.18176,12187.1853,10641.12911,8095.943788,5654.479301,3288.848552,2622.134711,1071.55644,740.7487561,244.5505276,150.8304518,96.3825353,2361.737413,8921.43317,9559.274521,9163.836903,12598.60916,16981.95936,11915.20627,10652.8516,9685.620302,6857.351988,4899.126422,3116.782256,3876.174309,2924.575136,1428.604048,698.3876644,374.3434983,299.5772412,2089.247533,7881.070179,8044.915696,7254.532804,8047.446855,12903.9333,11438.42104,11854.47515,12368.18437,10157.98067,7740.416715,4944.126028,5090.874541,3001.643901,1433.200693,471.5423273,219.6091378,132.5067095,202814.4519,208747.7952,231389.5789,72904.01936,15889.29768,3238.585522,93601.83116,26512.24773,5330.195238,103546.6516,99267.80031,75746.51263,77359.60345,86309.16925,89804.36143,33368.16966,37443.50434,5535.831311,6382.730877,1128.323196,1300.842646,43197.24508,48092.62085,9478.128562,10824.95075,1905.544798,2176.318716
Kenya,KEN_1_8,Nairobi,KEN_2_47,Nairobi,KEN_3_288,Kamukunji  Sub County,qoLIT7y5f5c,3379.485616,12765.95793,12387.87185,11015.89965,14818.78933,22238.88831,18673.93561,13764.30354,9744.980897,6264.120874,3943.109789,2428.014769,1495.086164,972.9425698,601.9741547,352.4612298,157.8478782,186.3767938,3152.950488,11893.58673,11188.91825,9343.265212,10158.14524,19356.71052,19978.04512,17233.35953,13587.07232,10020.14086,6426.781004,3713.511237,2012.203145,1098.604154,611.6089706,295.2722549,126.8103604,117.9692199,3324.737949,12559.14941,12560.06327,11158.00475,15623.44959,21900.8572,18145.46323,14091.89396,10210.79098,6569.183561,4313.367798,2578.066082,2299.293012,1113.72736,809.5348432,391.8663953,209.2273625,197.4475753,3141.599867,11850.76982,11291.8563,9503.035047,10547.2022,18774.07353,19428.64888,17752.08365,14354.7419,10722.55273,7215.347033,4127.939091,3064.987831,1280.093561,807.9354502,307.7622713,158.6397609,117.9692199,3143.539731,11874.67577,12297.55795,11770.57921,17381.08767,24318.71184,16715.60073,13573.31226,11581.07913,7886.304865,5476.683093,3471.108173,4067.21941,3121.777789,1529.130365,843.1005496,367.6961669,327.8814435,3029.444751,11427.69733,11349.44477,9970.584371,11613.52434,19620.78425,17213.78291,17267.45177,16684.51651,13453.58692,9877.088553,6205.530836,5950.673874,3585.798082,1563.193509,593.4272115,230.9794919,162.1840836,275507.0016,282503.3625,309546.7397,98662.74558,21503.36494,4382.854912,125218.0059,35467.37016,7130.591472,135192.0469,140314.9546,98454.16896,108659.9771,110660.6935,124022.5223,45157.93865,50673.18613,7491.772346,8637.901698,1526.986651,1760.461332,57788.10974,64337.01146,12679.58483,14481.32724,2549.186451,2911.420498
Kenya,KEN_1_8,Nairobi,KEN_2_47,Nairobi,KEN_3_274,Westlands  Sub County,f1T0Ltob8VQ,2993.719791,11308.70631,11815.12925,11420.84876,14421.66429,20913.38459,18741.37525,17244.92544,14835.47147,11258.80711,7930.572654,5606.919489,4000.532583,2792.369595,1864.763608,1076.603666,582.9912579,447.4280523,2749.588208,10372.01653,10709.24609,9878.572287,10663.87808,18649.24896,18675.23218,17257.38632,16663.72886,13822.79131,10294.35047,6845.036889,4586.273975,2890.858227,2063.485384,984.2340233,526.0423322,291.7097358,2945.221531,11125.50527,11979.35954,11568.1777,15204.76066,20595.50114,18210.99433,17655.35466,15544.60701,11807.11102,8675.253426,5953.427113,6152.419059,3196.425476,2507.7341,1196.967956,772.7549124,474.0052786,2739.689691,10334.67727,10807.77115,10047.49587,11072.30461,18087.90656,18161.6633,17776.83365,17605.22954,14791.76898,11557.46727,7608.943006,6985.812519,3368.428006,2725.864192,1025.867122,658.0789575,291.7097358,2784.706957,10519.16523,11728.99093,12203.27066,16915.29623,22869.24447,16775.96797,17005.63761,17630.69327,14174.43677,11014.96927,8015.694265,10883.01407,8959.580608,4736.858942,2575.276558,1358.039483,787.1331656,2641.882769,9965.729292,10862.89078,10541.83267,12191.71461,18903.67115,16091.23368,17291.52609,20462.5583,18559.23254,15821.01695,11438.52402,13562.95501,9435.640531,5274.002039,1978.076986,958.1629622,401.0425448,317179.893,331213.0916,387319.6694,115674.3506,25211.01314,5138.554503,156678.7514,44378.46801,8922.136716,159256.2131,157923.6799,127947.3161,131717.8775,153701.8427,162369.3574,52944.15026,59410.34646,8783.516977,10127.26398,1790.272389,2064.003187,72307.24375,80501.54245,15865.30231,18119.72849,3189.663876,3642.908421
Kenya,KEN_1_8,Nairobi,KEN_2_47,Nairobi,KEN_3_289,Starehe  Sub County,nKHlZyN0lt9,2629.448944,9932.707759,9579.678356,8258.316524,11040.0171,17195.69675,14916.18081,10971.39185,7554.362122,4700.137356,2892.04451,1727.591094,1096.722589,663.4995359,391.5445732,224.1756074,106.4122228,124.1668737,2572.652802,9704.580246,9013.584112,7289.020058,7505.385123,14983.21694,16419.13602,14448.62334,11348.19733,8013.239756,4979.268615,2769.305028,1466.085653,796.8846901,428.119578,187.6567789,86.16199083,77.59473351,2586.851871,9771.797894,9712.835885,8364.848807,11639.49002,16934.32215,14494.05289,11232.51098,7915.460631,4929.034045,3163.60749,1834.356224,1686.64967,759.5079188,526.549142,249.2384404,141.0494014,131.542386,2563.391252,9669.643757,9096.509086,7413.662301,7792.841373,14532.22211,15967.60978,14883.52691,11989.37048,8574.967863,5590.224874,3078.359469,2233.141667,928.5300409,565.5459626,195.5946606,107.7886505,77.59473351,2445.868444,9239.234909,9509.837615,8824.079006,12948.93265,18803.87132,13351.92153,10819.15457,8977.715448,5917.305371,4016.83243,2469.77722,2983.514602,2128.900696,994.5986743,536.2365044,247.880218,218.4392861,2471.878184,9324.437475,9142.901282,7778.414486,8580.697636,15187.62533,14147.30226,14477.20662,13935.24531,10759.01218,7652.45883,4627.697789,4335.644546,2600.998351,1094.218328,377.1456246,156.9402752,106.6772396,216092.8074,221334.2308,241190.6022,77299.76278,16847.34191,3433.855839,97566.54615,27635.2333,5555.967584,104004.0946,112088.7128,75637.3714,86517.31857,84415.08052,98038.87032,35380.10142,39701.15816,5869.613923,6767.577247,1196.355374,1379.276875,45026.96105,50129.69141,9879.595905,11283.46576,1986.258411,2268.501565
Kenya,KEN_1_3,Eastern,KEN_2_16,Machakos,KEN_3_76,Yatta Sub County,CeukNtGhW7J,2361.608082,8920.920928,11462.45508,11368.69379,9922.967882,6279.715686,5869.814421,6130.402091,5583.463872,4499.296891,4064.533759,3180.762163,3183.266324,2208.469387,1694.312023,1021.865955,595.1022231,762.6682601,2443.031598,9215.61441,11997.24232,12050.4886,11362.163,7049.946479,5054.847991,5135.063631,4845.606968,4041.830503,3402.483125,2643.935176,2103.018772,1536.300942,1185.83685,849.4974637,444.4043223,531.7542612,2334.921911,8820.114522,11653.87808,11380.06248,9958.690567,6282.227572,5874.510273,6527.652146,5626.456544,4738.209556,4303.528344,3446.991956,3531.197333,2227.241376,1856.118821,1038.420183,711.5637282,751.2282362,2430.572137,9168.614776,12105.2175,12058.92394,11468.96733,7059.11141,5089.726442,5531.490543,4941.549986,4273.831574,3558.316852,2903.834004,2261.376085,1515.099989,1233.388908,787.7389981,474.6238162,504.3689167,2202.531839,8320.014028,11603.7664,11876.23321,10036.36835,6341.908734,5889.784,7139.293152,6614.462313,5198.289704,5282.150689,4411.115607,4905.892455,2874.032272,2136.392763,1315.989898,921.3327153,888.1771437,2315.119961,8733.105574,12108.84906,12344.72044,11652.47081,7239.824662,5160.982612,6234.542991,6071.188313,4857.209584,4341.502391,3674.511549,3129.744502,1766.758098,1267.553781,775.1351741,433.189157,442.5332875,175003.3852,178429.7668,190506.6772,62315.6147,13581.57425,2768.221139,77063.8588,21827.95026,4388.433518,89110.31881,85893.0664,56874.03664,51603.42485,63955.1898,57047.14691,28521.85685,32005.29971,4731.820468,5455.718375,964.448245,1111.911385,35564.97084,39595.41065,7803.49222,8912.352093,1568.864983,1791.797405
Kenya,KEN_1_3,Eastern,KEN_2_16,Machakos,KEN_3_79,Kathiani Sub County,iCey76HYgLP,1394.369644,5267.212356,6079.928246,6186.610872,5974.72344,6018.473795,5351.016708,4996.570043,4182.339815,3150.824141,2594.920674,1995.782603,1680.041504,1134.43139,898.7034435,609.6624738,327.3832226,418.6949947,1301.220146,4908.465609,5608.913291,5591.314018,5422.259787,5965.492012,5469.422479,5069.532847,4446.398416,3417.534409,2593.281297,1822.194673,1305.000448,864.2874345,579.9666321,403.05965,210.7804058,225.1371741,1378.613267,5207.692856,6181.463048,6192.797483,5996.232445,6020.881184,5355.297521,5320.347782,4214.543831,3318.132903,2747.50201,2162.829607,1863.67004,1144.074057,984.5296224,619.5390059,391.4521193,412.4145698,1294.583923,4883.432434,5659.393511,5595.227938,5473.229029,5973.247151,5507.161494,5460.900783,4534.437104,3613.700884,2712.05358,2001.31641,1403.266982,852.3602679,603.223294,373.7572135,225.1134734,213.5426096,1300.445894,4912.416671,6154.882756,6462.803453,6043.003058,6078.079555,5369.221295,5818.864369,4954.617728,3640.323608,3372.283967,2767.773048,2589.196787,1476.313163,1133.193595,785.1417821,506.852204,487.5977458,1233.091187,4651.469394,5661.091329,5727.83484,5560.800693,6126.162278,5584.261755,6154.981272,5571.009426,4106.971054,3308.976573,2532.465785,1942.121503,993.9373084,619.9325793,367.777098,205.4610671,187.3622857,113465.9501,115891.9614,124388.7181,40474.63012,8821.371607,1797.987988,50317.78806,14252.2603,2865.367387,58261.68937,55204.26073,40551.4467,38947.31028,45022.46191,43262.22068,18525.23821,20787.77003,3073.365868,3543.544974,626.4190151,722.1978353,23221.65919,25853.27951,5095.183057,5819.19788,1024.368841,1169.929504
Kenya,KEN_1_3,Eastern,KEN_2_16,Machakos,KEN_3_78,Matungulu Sub County,GnixPSqaV6D,2028.534809,7662.7539,9311.576245,9432.340587,8143.01807,6062.610164,5964.590519,6315.579085,5402.091803,4453.766931,4121.579615,3558.358556,3016.598741,2165.122695,1768.74181,1194.379197,675.396738,783.359538,2124.413745,8013.741431,9655.336685,9606.042928,9148.602674,7220.413854,5963.226418,5938.442491,5436.602645,4471.427934,3775.075197,3100.674254,2402.962905,1687.355436,1196.116846,860.7371254,460.4477805,517.8742336,2005.612366,7576.164781,9467.079568,9441.772928,8172.332935,6065.035208,5969.362191,6724.82861,5443.68791,4690.261955,4363.928496,3856.193167,3346.312983,2183.526238,1937.656653,1213.72814,807.5718796,771.6091449,2113.579235,7972.871349,9742.234716,9612.767158,9234.599539,7229.800392,6004.37268,6396.890252,5544.247377,4728.087898,3947.973641,3405.470533,2583.906012,1664.069931,1244.081132,798.1615364,491.7582296,491.2037106,1891.894145,7146.596238,9426.371126,9853.434228,8236.077132,6122.653042,5984.882533,7354.945051,6399.599507,5145.686391,5356.285836,4934.770395,4649.032627,2817.622258,2230.242808,1538.157672,1045.64407,912.273492,2013.184221,7594.15996,9745.157386,9840.589739,9382.353131,7414.883282,6088.433897,7209.935003,6811.662327,5373.471896,4816.92264,4309.282412,3576.12592,1940.471946,1278.542179,785.3909518,448.8277362,430.9821357,163639.8936,167242.7405,180106.5453,58408.60728,12730.04913,2594.661742,72856.79211,20636.31979,4148.860354,82060.399,81579.49458,55546.03551,53764.62286,62727.87281,59867.28546,26733.61955,29998.6607,4435.149115,5113.660734,903.9801508,1042.197782,33623.40956,37433.81978,7377.484326,8425.809371,1483.217577,1693.979683
Kenya,KEN_1_3,Eastern,KEN_2_16,Machakos,KEN_3_82,Mwala Sub County,fYYivceocJ2,2114.55018,7987.659349,11011.50731,12086.18491,10455.55841,5853.8834,5537.46564,6786.117368,6104.395068,5328.203803,4616.638803,3902.558327,3471.69223,2522.413396,2271.088789,1416.832862,909.6929941,1151.404067,2269.626184,8561.519095,11911.79733,13069.00453,12555.52657,7376.209675,5050.689439,5153.81271,5136.989833,4468.120352,3795.270506,3164.440313,2530.288989,1976.469914,1397.701963,1097.026741,575.8342937,818.90477,2090.655763,7897.398798,11195.39949,12098.27109,10493.19842,5856.224953,5541.895612,7225.857774,6151.39891,5611.131425,4888.097165,4229.202459,3851.148191,2543.85391,2487.977769,1439.785554,1087.719913,1134.133006,2258.05109,8517.855347,12019.00351,13078.15283,12673.54852,7385.798747,5085.539196,5551.687051,5238.702231,4724.590461,3969.093895,3475.504795,2720.81975,1949.194629,1453.749812,1017.272897,614.9910257,776.7311743,1972.115582,7449.616286,11147.25927,12625.75571,10575.04537,5911.85909,5556.304541,7902.920647,7231.584558,6155.972286,5999.65046,5412.110387,5350.400182,3282.589086,2863.662412,1824.640233,1408.379743,1340.885453,2150.793664,8113.257218,12022.60921,13388.10506,12876.3253,7574.875195,5156.736745,6257.306475,6436.269562,5369.497058,4842.691461,4397.903768,3765.614534,2272.955857,1494.018682,1000.996531,561.3023092,681.5039324,184437.0801,188333.6372,202373.5139,65774.48695,14335.42913,2921.87321,81864.23764,23187.63342,4661.79309,93527.84691,90909.23321,62541.62506,56637.22419,70816.00445,62687.99741,30104.98268,33781.7765,4994.463508,5758.54188,1017.980627,1173.628812,37780.34567,42061.8453,8289.578947,9467.510725,1666.59103,1903.410118
Kenya,KEN_1_3,Eastern,KEN_2_16,Machakos,KEN_3_80,Athi River Sub County,BxfsSc6Svrc,3879.023332,14652.95789,16892.22472,17158.16723,16580.64099,16770.60485,14896.84471,13882.25586,11612.39692,8740.163732,7180.310615,5514.109674,4634.122514,3128.616738,2475.44536,1680.605428,900.8118684,1152.386376,3899.499557,14709.70159,16781.613,16704.94148,16182.72429,17870.43494,16412.68867,15197.86157,13327.20125,10237.09749,7756.246822,5439.985268,3888.679096,2572.196697,1726.45769,1197.424616,625.8358726,667.5245211,3835.190368,14487.37946,17174.32487,17175.3254,16640.3313,16777.31309,14908.76219,14781.82604,11701.81237,9204.266427,7602.512879,5975.640654,5140.632104,3155.209981,2711.850392,1707.831236,1077.100751,1135.10058,3879.612109,14634.68211,16932.64752,16716.63494,16334.8419,17893.66651,16525.93622,16371.13649,13591.07984,10824.70688,8111.482926,5974.73582,4181.496631,2536.700382,1795.688644,1110.371847,668.3927119,633.1470083,3617.735074,13665.94505,17100.47527,17924.16959,16770.12588,16936.69757,14947.52497,16166.88314,13756.65062,10098.0007,9331.324308,7647.027345,7141.880183,4071.482959,3121.339801,2164.334525,1394.630053,1342.029416,3695.330534,13939.53471,16937.72731,17112.81919,16596.19937,18351.74437,16757.29932,18451.90793,16698.00069,12302.27937,9896.820318,7560.430707,5787.191338,2958.046316,1845.429219,1092.605897,610.0420282,555.5231851,326929.8032,333909.3706,358347.1883,116616.0112,25416.24634,5180.385508,144958.7884,41058.84748,8254.738548,161731.6888,165198.1144,112520.19,116553.3838,124889.9315,129463.5201,53375.14832,59893.98334,8855.020226,10209.70616,1804.846311,2080.805447,66898.48086,74479.8255,14678.53797,16764.32743,2951.069031,3370.409749
Kenya,KEN_1_3,Eastern,KEN_2_16,Machakos,KEN_3_75,Masinga Sub County,hpcb7MYi6nc,2032.835213,7678.989219,9863.800167,9779.493489,8533.904983,5408.19949,5054.999761,5276.984024,4809.039608,3874.401626,3497.364274,2734.578313,2736.799566,1900.201247,1458.515732,879.7787483,511.8275858,654.964686,2102.578638,7931.355941,10320.22056,10360.50478,9762.397633,6064.461941,4354.883746,4425.324914,4176.949091,3483.938475,2931.253201,2273.981476,1809.782588,1322.052891,1021.767225,730.5561313,382.6490583,456.6040849,2009.864175,7592.216641,10028.52563,9789.272983,8564.627041,5410.36277,5059.043761,5618.932589,4846.069213,4080.132353,3703.009293,2963.462518,3035.931758,1916.352957,1597.803984,894.031164,611.9922443,645.1402157,2091.855487,7890.906025,10413.10254,10367.75714,9854.16417,6072.345741,4384.932444,4766.959998,4259.652683,3683.916543,3065.504598,2497.513855,1946.059217,1303.808561,1062.740091,677.4447006,408.6691943,433.0889746,1895.904876,7161.737958,9985.40297,10216.08528,8631.431131,5461.761216,5072.197274,6145.426573,5697.038966,4476.313204,4545.073607,3792.342984,4217.819992,2472.861856,1839.072386,1133.005694,792.4075579,762.749277,1992.492352,7516.087989,10416.22647,10613.47298,10011.8308,6227.797792,4446.321498,5372.840613,5233.409287,4186.771152,3740.22216,3160.354032,2693.345957,1520.371163,1092.177991,666.6055853,372.9923736,379.9922663,150597.9401,153547.1933,163941.9453,53625.51273,11687.58242,2382.184283,66317.8798,18784.20578,3776.499271,76686.67773,73911.26238,48946.89186,44416.80077,55039.50172,49105.03267,24544.39718,27542.06334,4071.953715,4694.901857,829.9530044,956.8519611,30605.70153,34074.12664,6715.353567,7669.591221,1350.098489,1541.944652
Kenya,KEN_1_3,Eastern,KEN_2_16,Machakos,KEN_3_77,Kangundo Sub County,vMPhBuymSKt,1243.756953,4698.269539,5714.986542,5791.657247,4995.970411,3703.974203,3647.087952,3868.63485,3310.556204,2732.140382,2529.555496,2185.237436,1853.08719,1330.567111,1087.753906,734.1923172,415.5833627,482.0472661,1275.535974,4811.59346,5803.68378,5777.346804,5501.905103,4323.682119,3564.23,3552.359956,3254.666895,2679.172187,2264.059282,1861.895556,1443.905499,1014.815992,719.5886096,518.1753627,277.1985452,312.3130532,1229.702499,4645.179093,5810.426817,5797.448905,5013.955905,3705.455793,3650.005622,4119.322388,3336.047487,2877.217036,2678.293359,2368.141809,2055.62962,1341.876931,1191.634404,746.0862327,496.9130267,474.8165571,1269.030741,4787.054333,5855.916934,5781.390947,5553.623011,4329.302906,3588.823187,3826.602145,3319.1093,2832.95667,2367.753197,2044.919889,1552.631583,1000.811532,748.4441128,480.5040139,296.0480463,296.228931,1159.978368,4381.797438,5785.441982,6050.217677,5053.064761,3740.657623,3659.495637,4505.302896,3921.857426,3156.594811,3287.337269,3030.511073,2855.886231,1731.557992,1371.571199,945.5150827,643.402987,561.3756154,1208.75178,4559.669252,5857.673709,5918.409912,5642.48098,4440.13306,3639.066712,4312.963277,4077.857686,3219.655255,2888.895676,2587.641628,2148.842111,1167.046327,769.1760147,472.8159496,270.2030518,259.911264,99281.18655,101469.305,109282.7597,35437.59668,7723.55938,1574.229906,44207.11802,12521.44376,2517.392738,50325.05837,48956.12818,34055.39617,32237.75852,38464.1306,35896.68899,16219.788,18200.74965,2690.888088,3102.553803,548.4616991,632.3209262,20401.58497,22713.61724,4476.416143,5112.505485,899.9679037,1027.851455
Kenya,KEN_1_3,Eastern,KEN_2_16,Machakos,,Kalama Sub County,pJDgmrxMQTn,679.5456689,2566.974491,2974.116903,3028.805326,2914.288623,2901.941591,2580.500839,2414.316268,2027.355333,1528.095154,1258.902346,969.6953259,818.568837,554.3661017,438.8194601,297.5918289,159.772044,205.0564348,637.3631587,2404.263046,2759.033526,2753.491795,2663.899537,2891.596771,2641.283217,2449.059269,2153.471692,1656.38689,1257.934459,885.6116842,635.788675,422.5551984,284.5445119,197.5465782,103.4900151,111.2496494,671.8668029,2537.967679,3023.784655,3031.834131,2924.780062,2903.102367,2582.565239,2570.763962,2042.965969,1609.237007,1332.925804,1050.858825,908.0384109,559.0782135,480.7267186,302.4128165,191.039433,201.9805883,634.1126066,2392.001304,2783.864827,2755.419239,2688.940193,2895.355847,2659.508072,2638.126644,2196.110431,1751.463497,1315.547857,972.6673128,683.6635622,416.7239367,295.9547469,183.1849419,110.5273361,105.5202924,633.7719552,2394.064912,3010.782381,3164.022099,2947.593347,2930.68184,2589.279909,2811.644546,2401.710794,1765.493921,1636.033132,1344.784038,1261.537764,721.4345268,553.3164531,383.2477624,247.3578578,238.8016495,603.9922577,2278.381242,2784.699987,2820.722675,2731.963236,2969.476957,2696.741185,2973.432541,2698.141276,1990.538264,1605.09994,1230.813218,946.1903702,485.9417826,304.1526933,180.2539829,100.8782996,92.58350457,55227.28225,56404.62133,60529.5623,19699.00377,4293.361843,875.0808113,24485.44959,6935.380401,1394.334119,28318.71258,26908.56967,19660.47542,18913.29467,21832.91754,21006.20725,9016.234028,10117.40834,1495.807266,1724.643452,304.8781547,351.4937095,11300.03499,12580.624,2479.398493,2831.715818,498.4744477,569.306621
Kenya,KEN_1_3,Eastern,KEN_2_16,Machakos,KEN_3_81,Machakos Sub County,KXc4ez8OAFz,2082.702649,7867.380668,9073.798336,9229.742529,8920.571232,9012.548487,8010.107636,7472.697817,6251.417016,4707.623066,3873.766843,2976.656429,2504.597583,1689.762139,1338.258129,908.2574413,487.1362794,623.4205914,2023.943282,7634.723623,8716.575689,8686.884389,8425.193567,9300.90626,8535.874117,7909.043019,6933.60176,5327.472655,4040.214663,2835.751479,2029.011325,1342.784705,900.5218954,625.4453024,326.9393029,348.7550653,2059.168109,7778.479266,9225.330768,9238.972271,8952.685288,9016.153507,8016.515723,7956.928636,6299.552927,4957.59785,4101.544333,3225.802573,2778.350099,1704.125117,1466.061781,922.9712119,582.4688493,614.0692825,2013.621171,7595.786533,8795.02487,8692.965208,8504.390387,9312.997438,8594.771648,8519.62114,7070.887075,5633.269586,4225.256494,3114.505849,2181.795878,1324.254276,936.6328234,579.9754289,349.1711755,330.7941794,1942.413277,7337.439492,9185.661846,9641.791462,9022.516233,9101.806965,8037.358663,8702.492849,7405.754421,5438.980602,5034.235514,4128.059552,3859.961793,2199.003051,1687.437109,1169.681417,754.1806661,726.0141127,1917.974166,7234.986673,8797.663378,8898.988484,8640.460633,9551.410172,8715.098452,9602.464987,8687.29186,6402.210884,5155.235449,3941.095702,3019.605495,1544.212912,962.5775526,570.6958221,318.6885319,290.238813,172974.087,176672.4988,189625.689,61701.89849,13447.81592,2740.958274,76707.48099,21727.00804,4368.139435,87030.44487,85943.6421,60594.82718,60678.32338,67267.48295,67401.28726,28240.95894,31690.09506,4685.219067,5401.987656,954.9498628,1100.96071,35400.50248,39412.30373,7767.405376,8871.137384,1561.609848,1783.511331
Kenya,KEN_1_5,Rift Valley,KEN_2_34,Kajiado,KEN_3_187,Loitokitok Sub County,eyADpAXM834,3524.44215,13313.51193,14967.39879,13210.29617,10567.9953,9201.503192,7322.974526,6966.849473,6342.164334,5155.665276,3631.568458,2657.954201,1822.856302,1489.640419,1157.1238,715.5533307,388.0391373,455.190358,3479.652669,13125.98918,14678.8627,12707.87532,10258.86984,7985.759872,7667.850475,6580.036216,6375.004476,5546.571779,3517.639051,2423.802144,1705.7775,1179.881677,935.1978667,605.3154358,305.4740139,338.1795318,3556.162129,13433.33354,15272.73373,13477.14415,11056.23668,9159.176277,7714.753663,7535.344389,6969.404387,5619.675151,3955.141207,3404.573537,2111.779026,1682.995746,1349.553488,686.2871995,482.2162359,471.0309825,3579.5187,13502.70506,14872.62369,12867.99455,10766.6839,7925.866673,7866.447802,7422.938855,7029.717436,6130.07113,3928.499292,3159.183714,1974.778612,1263.889252,1057.147668,553.9241553,357.0991222,338.788255,3623.72921,13688.56688,16085.24316,14591.70397,12385.19633,10147.4514,8225.470356,9513.372292,9529.963559,7892.83375,5446.624957,5534.134284,4343.5071,2759.944723,2167.517856,910.9776286,560.9621472,678.5201303,3750.619694,14148.13437,16255.77769,13544.85106,11892.87904,8804.0527,8026.136693,9257.147047,10588.1604,8825.463406,5749.751563,5507.404969,4201.736452,1942.218614,1472.289558,642.2196657,349.2072316,402.3449316,202308.4669,212535.4194,253446.1148,74226.82627,16177.60102,3297.348034,102524.1524,29039.45032,5838.280534,102890.7271,99417.73974,62198.16797,59775.03587,80096.47651,77661.01227,33973.61839,38122.89797,5636.276197,6498.542331,1148.796055,1324.445785,47314.89632,52676.90949,10381.60349,11856.80757,2087.185291,2383.769942
Kenya,KEN_1_5,Rift Valley,KEN_2_34,Kajiado,KEN_3_185,Kajiado East Sub County,g6gTzQ5nfYq,4768.03029,18011.13152,20879.67104,18531.13487,15169.45631,13918.9646,11398.83953,9810.921606,8981.338996,6711.037417,4513.670672,3403.645894,2351.853423,1987.383396,1341.830488,1073.977705,481.1248686,579.582353,5111.389564,19281.23636,21562.57313,19514.8226,15357.98284,12383.28635,11486.29489,9526.404945,9411.034077,7036.652372,4888.47916,3394.022265,2267.003737,1517.533733,1321.724291,806.7062316,408.5453042,454.1716929,4810.942562,18173.2317,21305.61633,18905.46379,15870.28519,13854.93737,12008.67745,10611.49281,9869.593422,7315.030785,4915.838729,4359.730026,2724.62219,2245.345761,1564.976898,1030.052017,597.8938742,599.7518189,5258.086445,19834.60785,21847.19909,19760.70937,16118.20299,12290.4117,11783.78993,10746.73742,10377.54728,7776.908202,5459.453526,4423.76862,2624.510226,1625.582135,1494.077138,738.2168725,477.5894607,454.989202,4902.350471,18518.5231,22439.07512,20468.94565,17777.89347,15349.88511,12803.6519,13397.00967,13495.68205,10273.96074,6769.601514,7086.741157,5604.002921,3682.142514,2513.509396,1367.291048,695.5299439,863.9424951,5509.422977,20782.7021,23878.98861,20800.12268,17804.16702,13652.18932,12023.00086,13402.25623,15630.66171,11196.41474,7990.456181,7711.955836,5584.170409,2498.032067,2080.80123,855.888642,467.0347336,540.3451762,289643.4585,303855.8702,360418.3488,106119.9915,23128.65804,4714.125104,145796.6153,41296.15773,8302.448951,143913.595,145729.8635,87568.22834,86391.7847,111680.8439,111437.3742,48571.12009,54503.22761,8058.024462,9290.781935,1642.401186,1893.522631,67285.13798,74910.30097,14763.37639,16861.2212,2968.1255,3389.889907
Kenya,KEN_1_5,Rift Valley,KEN_2_34,Kajiado,KEN_3_184,Kajiado Central Sub County,SZapM1R0Kti,3136.568225,11848.3182,13814.17345,12248.63834,9875.308322,8828.586942,7187.619221,6237.342947,5783.415975,4349.581081,2927.2548,2225.337144,1532.755606,1304.385505,878.768947,712.6273764,317.1464625,381.9450588,2974.986737,11222.2766,12601.3553,11429.97164,8908.374702,6892.697181,6310.319242,5203.538714,5229.064642,3907.926168,2746.249455,1931.872899,1291.242679,868.6730013,769.2193098,470.5309311,237.712726,266.3708679,3164.797339,11954.95306,14095.98259,12496.06084,10331.54757,8787.975442,7572.15685,6746.310131,6355.395815,4741.043378,3188.073203,2850.434348,1775.69737,1473.694744,1024.908223,683.4809167,394.1179089,395.2367468,3060.368856,11544.35594,12767.69319,11573.98929,9349.339249,6841.001953,6473.75651,5870.112023,5766.089581,4319.040001,3067.011391,2518.003136,1494.871649,930.522519,869.5255078,430.582855,277.8861767,266.8503354,3224.928489,12182.09717,14845.88886,13529.48507,11573.39958,9736.197992,8073.433633,8517.216541,8690.368237,6658.795425,4390.295608,4633.381033,3652.254351,2416.712011,1646.105097,907.2525688,458.4773635,569.3385338,3206.654488,12096.17615,13955.08866,12182.78112,10327.28013,7598.984969,6605.173767,7320.616704,8684.884127,6218.121889,4488.877872,4389.634867,3180.638407,1429.933955,1210.988175,499.2177621,271.7448922,316.9114584,176852.1564,185452.8666,219689.337,64768.39368,14116.15294,2877.17994,88868.84329,25171.65273,5060.673274,93589.7736,83262.3828,56320.07264,48474.59289,71923.22798,62543.00898,29644.49379,33265.04699,4918.067684,5670.458636,1002.409491,1155.676866,41012.97118,45660.81168,8998.86585,10277.58581,1809.190695,2066.272898
Kenya,KEN_1_5,Rift Valley,KEN_2_34,Kajiado,KEN_3_186,Kajiado West Sub County,wYsCfCAUWNB,2774.945356,10482.30175,11001.35209,9796.681849,10039.08874,12523.00502,10781.88575,8475.775336,6762.762796,4647.485549,3016.369911,2006.314148,1395.254357,1096.95037,746.8251102,486.0458214,236.2709096,283.0012148,2663.008324,10045.41705,10408.42027,8951.125853,8160.382453,10732.58164,11234.823,9665.704114,8309.01121,6220.25495,3815.163109,2262.236655,1476.204074,922.5491262,644.3858496,368.7717879,194.075447,183.940842,2799.919864,10576.64247,11225.77967,9994.574822,10502.89464,12465.3992,11358.71664,9167.398603,7431.600036,5065.759248,3285.12847,2569.887792,1616.402172,1239.334528,871.0221261,466.1665473,293.6138594,292.8496571,2739.436663,10333.72052,10545.81141,9063.910039,8564.321385,10652.08727,11525.80492,10903.88081,9162.346661,6874.625771,4260.77416,2948.599256,1709.001457,988.234624,728.4137643,337.4630631,226.8741976,184.2719355,2853.118342,10777.59867,11822.99115,10821.12616,11765.34258,13810.41577,12110.66368,11573.84074,10161.96989,7114.858864,4523.950416,4177.352607,3324.615988,2032.384692,1398.948637,618.7894749,341.5610026,421.8499311,2870.381736,10827.67236,11526.57187,9540.671707,9460.149402,11832.33854,11759.77876,13598.22976,13800.32654,9897.398722,6236.06906,5140.293084,3636.2424,1518.620147,1014.46185,391.2546754,221.8602778,218.8413506,192810.3718,202972.6683,243142.5408,70887.08804,15449.71118,3148.988204,98356.14535,27858.8833,5600.931639,96552.31608,96258.05575,66626.17352,69066.69928,83376.54426,88725.86457,32445.0202,36407.60842,5382.679377,6206.148983,1097.10749,1264.854092,45391.36108,50535.38748,9959.55078,11374.78205,2002.333061,2286.860388
Kenya,KEN_1_5,Rift Valley,KEN_2_34,Kajiado,KEN_3_183,Kajiado North Sub County,BLz1HkvvMkA,4602.513374,17385.90818,17817.21287,15881.49225,17110.69903,22434.27827,19442.14452,15101.93287,11797.70887,7990.634587,5153.389337,3340.989559,2327.276812,1798.107195,1226.674157,754.5174614,375.8460761,449.6170194,4170.543536,15732.14736,15996.33263,13571.86012,12844.46566,18400.75515,19542.50388,16883.55292,14278.63169,10691.59696,6450.111426,3730.495343,2423.982636,1495.008298,993.5181049,558.9168608,297.1789869,268.9270823,4643.935994,17542.38135,18180.68401,16202.29839,17901.21333,22331.08059,20482.29925,16334.25059,12964.50228,8709.791699,5612.556327,4279.473526,2696.150187,2031.501509,1430.670069,723.6576972,467.0639187,465.2636917,4290.238136,16183.65999,16207.48422,13742.86556,13480.26671,18262.74949,20048.65473,19046.33605,15745.04717,11816.35296,7203.484441,4862.32763,2806.244698,1601.452889,1123.072866,511.4648193,347.4022357,269.411151,4732.170778,17875.6866,19147.8964,17542.22847,20052.93917,24740.60419,21838.22746,20621.99137,17727.66041,12232.90244,7729.051317,6956.284217,5545.441705,3331.459325,2297.799198,960.5832273,543.3354566,670.2123478,4495.311519,16957.23893,17714.78025,14465.74029,14890.3026,20286.26213,20455.64242,23752.68569,23715.19005,17012.00335,10543.01983,8476.495758,5970.846843,2460.952655,1564.10358,592.9923115,339.7246463,319.952683,323321.4711,340547.2901,408559.7196,118934.2681,25921.50619,5283.368489,165270.7874,46812.11898,9411.413783,164990.9424,158330.5286,116429.4747,117124.2678,145248.4918,150380.1745,54436.2145,61084.64008,9031.052758,10412.66904,1840.725581,2122.170621,76272.46837,84916.13055,16735.33253,19113.38818,3364.580427,3842.680248
